command,mean,stddev,median,user,system,min,max
../../pulsedcm/target/release/pulsedcm-cli tmp/3_big_serie_CT view,1.2642771290200003,0.05386820799438581,1.24334202482,1.02051818,0.22566265999999996,1.23614549182,1.36038115082
../../pulsedcm/target/release/pulsedcm-cli tmp/3_big_serie_CT view --jobs 1,1.24967869802,0.012689614440320584,1.2549243568200001,1.01136238,0.23321286,1.2358746658200002,1.2645698278200002
for f in tmp/3_big_serie_CT/* ; do dcmj2pnm +on +Wm  dcmtk_view/$(basename $f).png ;  done,27.118734219020002,0.1677732704706553,27.078598824820002,23.50039838,3.5190848600000004,26.97076605382,27.36835826882
"find tmp/3_big_serie_CT -type f -name ""*.dcm"" | parallel dcmj2pnm +on +Wm {} dcmtk_view/$(basename $f).png",17.25853474922,0.0509082736820594,17.23672901582,29.725762779999997,3.5817252600000002,17.210944248820002,17.32170572882
