command,mean,stddev,median,user,system,min,max
../../pulsedcm/target/release/pulsedcm-cli tmp/3_big_serie_CT view,1.21624886958,0.013271705392588505,1.21315077578,0.96549268,0.24751005999999998,1.19857321678,1.22965219378
../../pulsedcm/target/release/pulsedcm-cli tmp/3_big_serie_CT view --jobs 1,1.2264508195799997,0.01455270482173542,1.23577285278,0.9806202800000001,0.24361325999999997,1.20610286078,1.23788123478
for f in tmp/3_big_serie_CT/* ; do dcmj2pnm +on +Wm  dcmtk_view/$(basename $f).png ;  done,28.217158315379997,0.4076145559484284,28.17603400078,24.50995728,3.6225382600000002,27.833080829780002,28.83233930278
"find tmp/3_big_serie_CT -type f -name ""*.dcm"" | parallel dcmj2pnm +on +Wm {} dcmtk_view/$(basename $f).png",16.84150136078,0.01625615336753283,16.84044294478,29.491565679999997,3.48672306,16.82383453678,16.865324000780003
