command,mean,stddev,median,user,system,min,max
../../pulsedcm/target/release/pulsedcm-cli tmp/1_one_big_image_MG view,0.03831298914000001,0.0007259256265508903,0.038450484740000006,0.00818002,0.029407,0.037491679740000006,0.03923876474000001
../../pulsedcm/target/release/pulsedcm-cli tmp/1_one_big_image_MG view --jobs 1,0.03780592574,0.0013491778573561008,0.03748140774000001,0.005815819999999999,0.0314074,0.03637371574000001,0.039443661740000004
for f in tmp/1_one_big_image_MG/* ; do dcmj2pnm +on +Wm  dcmtk_view/$(basename $f).png ;  done,0.027510997940000004,0.0009045031551187101,0.027981697740000002,0.02374262,0.0033415199999999997,0.02646466074,0.028365847740000002
"find tmp/1_one_big_image_MG -type f -name ""*.dcm"" | parallel dcmj2pnm +on +Wm {} dcmtk_view/$(basename $f).png",0.15163012114000002,0.004182713238397931,0.15208719774,0.13172802,0.025825599999999997,0.14573439574000002,0.15616755874000002
