,command,mean,stddev,median,user,system,min,max,folder,command_type,Unnamed: 0.3,Unnamed: 0.2,Unnamed: 0.1,Unnamed: 0
0,../../pulsedcm/target/release/pulsedcm-cli tmp/1_one_big_image_MG ano --out anonymization,0.01467246582,0.0086838527252537,0.01048266902,0.0025463119999999,0.001793924,0.00967746102,0.03004678402,1_one_big_image,0,,,,
1,../../pulsedcm/target/release/pulsedcm-cli tmp/1_one_big_image_MG ano --out anonymization --workers 5 --batch 5,0.0099893596199999,0.0013725964746881,0.00973790702,0.0015867119999999,0.002138724,0.00860937602,0.01229529402,1_one_big_image,0,,,,
2,../../pulsedcm/target/release/pulsedcm-cli tmp/1_one_big_image_MG ano --out anonymization --workers 5 --batch 15,0.01055761662,0.0006750210822621,0.01024845502,0.0020842399999999,0.001846724,0.00993704902,0.01159737502,1_one_big_image,0,,,,
3,../../pulsedcm/target/release/pulsedcm-cli tmp/1_one_big_image_MG ano --out anonymization --workers 5 --batch 25,0.01075553682,0.0019046580663682,0.00976848002,0.0024395119999999,0.001512016,0.00879112802,0.01298160802,1_one_big_image,0,,,,
4,../../pulsedcm/target/release/pulsedcm-cli tmp/1_one_big_image_MG ano --out anonymization --workers 10 --batch 5,0.01000580962,0.0009000233533674,0.00961245202,0.0022365119999999,0.001625124,0.00922871802,0.01119225602,1_one_big_image,0,,,,
5,../../pulsedcm/target/release/pulsedcm-cli tmp/1_one_big_image_MG ano --out anonymization --workers 10 --batch 25,0.01014664282,0.000470195473051,0.01006848202,0.0010181119999999,0.003048832,0.00956145502,0.01082574602,1_one_big_image,0,,,,
6,../../pulsedcm/target/release/pulsedcm-cli tmp/1_one_big_image_MG ano --out anonymization --workers 10 --batch 15,0.01024926242,0.0011132920682935,0.00974080602,0.0026752399999999,0.001318216,0.00905013702,0.01144021102,1_one_big_image,0,,,,
7,../../pulsedcm/target/release/pulsedcm-cli tmp/1_one_big_image_MG ano --out anonymization --workers 25 --batch 5,0.0099310866199999,0.0004502066759465,0.01001219002,0.0015174399999999,0.002294632,0.00930439002,0.01041422002,1_one_big_image,0,,,,
8,../../pulsedcm/target/release/pulsedcm-cli tmp/1_one_big_image_MG ano --out anonymization --workers 25 --batch 25,0.01026060722,0.0014949899219012,0.00979578702,0.00248964,0.0014188159999999,0.00861874702,0.01223680902,1_one_big_image,0,,,,
9,../../pulsedcm/target/release/pulsedcm-cli tmp/1_one_big_image_MG ano --out anonymization --workers 25 --batch 15,0.0100512918199999,0.0012759298790465,0.01023646502,0.0015552399999999,0.002429232,0.00849722202,0.01138734502,1_one_big_image,0,,,,
0,../../pulsedcm/target/release/pulsedcm-cli tmp/1_one_big_image_MG ano --out anonymization,0.0104395161,0.0011038299412654,0.0102417191,0.002476736,0.001657872,0.0091829671,0.0121143501,1_one_big_image,1,,,,
1,../../pulsedcm/target/release/pulsedcm-cli tmp/1_one_big_image_MG ano --out anonymization --workers 5 --batch 5,0.0101209675,0.0007821179365378,0.0101259011,0.002564736,0.0015318719999999,0.0088752911,0.0108864611,1_one_big_image,1,,,,
2,../../pulsedcm/target/release/pulsedcm-cli tmp/1_one_big_image_MG ano --out anonymization --workers 5 --batch 15,0.0104038111,0.0006097813540835,0.0106325841,0.0002127519999999,0.00388628,0.0097433141,0.0110817331,1_one_big_image,1,,,,
3,../../pulsedcm/target/release/pulsedcm-cli tmp/1_one_big_image_MG ano --out anonymization --workers 5 --batch 25,0.0100994487,0.0013742233792709,0.0095480641,0.0013871199999999,0.002491544,0.0087427841,0.0117083011,1_one_big_image,1,,,,
4,../../pulsedcm/target/release/pulsedcm-cli tmp/1_one_big_image_MG ano --out anonymization --workers 10 --batch 5,0.0105306747,0.0002142678735492,0.0105570221,0.00158032,0.002367744,0.0102029711,0.0107964691,1_one_big_image,1,,,,
5,../../pulsedcm/target/release/pulsedcm-cli tmp/1_one_big_image_MG ano --out anonymization --workers 10 --batch 25,0.0107523509,0.000796454645468,0.0106894371,0.0010331199999999,0.002777344,0.0099604711,0.0120556781,1_one_big_image,1,,,,
6,../../pulsedcm/target/release/pulsedcm-cli tmp/1_one_big_image_MG ano --out anonymization --workers 10 --batch 15,0.0097543987,0.0007318339453228,0.0096868181,0.002162752,0.001672472,0.0088333981,0.0106613601,1_one_big_image,1,,,,
7,../../pulsedcm/target/release/pulsedcm-cli tmp/1_one_big_image_MG ano --out anonymization --workers 25 --batch 5,0.0102064817,0.0008759666078457,0.0097540251,0.0009789199999999,0.002932544,0.0096869141,0.0117369051,1_one_big_image,1,,,,
8,../../pulsedcm/target/release/pulsedcm-cli tmp/1_one_big_image_MG ano --out anonymization --workers 25 --batch 25,0.0106694975,0.0022199218855966,0.0100534051,0.000968336,0.0030681439999999,0.0090111431,0.0144678651,1_one_big_image,1,,,,
9,../../pulsedcm/target/release/pulsedcm-cli tmp/1_one_big_image_MG ano --out anonymization --workers 25 --batch 15,0.0108504957,0.0016632664274224,0.0099881541,0.00238552,0.0019366719999999,0.0095047141,0.0131818301,1_one_big_image,1,,,,
0,../../pulsedcm/target/release/pulsedcm-cli tmp/1_one_big_image_MG ano --out anonymization,0.00974201648,0.0005522106333259,0.00979273028,0.001391728,0.002467928,0.00887883228,0.01041450028,1_one_big_image,2,,,,
1,../../pulsedcm/target/release/pulsedcm-cli tmp/1_one_big_image_MG ano --out anonymization --workers 5 --batch 5,0.00964127348,0.0012429901610132,0.00970436228,0.00226888,0.0013288639999999,0.00847220028,0.01146010828,1_one_big_image,2,,,,
2,../../pulsedcm/target/release/pulsedcm-cli tmp/1_one_big_image_MG ano --out anonymization --workers 5 --batch 15,0.01060053548,0.0006698199380876,0.01021550628,0.00156968,0.0022581279999999,0.01005249328,0.01153862328,1_one_big_image,2,,,,
3,../../pulsedcm/target/release/pulsedcm-cli tmp/1_one_big_image_MG ano --out anonymization --workers 5 --batch 25,0.00941895568,0.000504181609226,0.00963332428,0.00228888,0.0014004959999999,0.00863413428,0.00985849028,1_one_big_image,2,,,,
4,../../pulsedcm/target/release/pulsedcm-cli tmp/1_one_big_image_MG ano --out anonymization --workers 10 --batch 5,0.01002602228,0.0004390206222559,0.01012558828,0.00213208,0.001716728,0.00950596628,0.01064552228,1_one_big_image,2,,,,
5,../../pulsedcm/target/release/pulsedcm-cli tmp/1_one_big_image_MG ano --out anonymization --workers 10 --batch 25,0.01007566028,0.0010212511309528,0.00947888628,0.0018742799999999,0.0020864959999999,0.00923939228,0.01164229528,1_one_big_image,2,,,,
6,../../pulsedcm/target/release/pulsedcm-cli tmp/1_one_big_image_MG ano --out anonymization --workers 10 --batch 15,0.00958816728,0.0008782237745637,0.00923686328,0.00309888,0.000649632,0.00903079228,0.01114769828,1_one_big_image,2,,,,
7,../../pulsedcm/target/release/pulsedcm-cli tmp/1_one_big_image_MG ano --out anonymization --workers 25 --batch 5,0.00924614768,0.0006167805035657,0.00902269828,0.00145828,0.0020535279999999,0.00868050828,0.01019584428,1_one_big_image,2,,,,
8,../../pulsedcm/target/release/pulsedcm-cli tmp/1_one_big_image_MG ano --out anonymization --workers 25 --batch 25,0.00881204768,0.0002392607859811,0.00878421428,0.00210708,0.001374696,0.00851093128,0.00918130328,1_one_big_image,2,,,,
9,../../pulsedcm/target/release/pulsedcm-cli tmp/1_one_big_image_MG ano --out anonymization --workers 25 --batch 15,0.00915113188,0.000282544135182,0.00914802528,0.00084528,0.00272136,0.00889453528,0.00959236128,1_one_big_image,2,,,,
0,../../pulsedcm/target/release/pulsedcm-cli tmp/1_one_big_image_MG ano --out anonymization,0.00954354872,0.000192866019864,0.00957525252,0.00210296,0.001647104,0.00931397052,0.00975389652,1_one_big_image,3,,,,
1,../../pulsedcm/target/release/pulsedcm-cli tmp/1_one_big_image_MG ano --out anonymization --workers 5 --batch 5,0.00917478872,0.0006098272933791,0.00889366252,0.0024712,0.001107704,0.00870534652,0.01012775752,1_one_big_image,3,,,,
2,../../pulsedcm/target/release/pulsedcm-cli tmp/1_one_big_image_MG ano --out anonymization --workers 5 --batch 15,0.00960183412,0.0012230070044175,0.00895874652,0.0016003999999999,0.0021828719999999,0.00855915552,0.01127876652,1_one_big_image,3,,,,
3,../../pulsedcm/target/release/pulsedcm-cli tmp/1_one_big_image_MG ano --out anonymization --workers 5 --batch 25,0.00978045692,0.0010566374562264,0.00930960752,0.00088676,0.0030170399999999,0.00873578052,0.01136042352,1_one_big_image,3,,,,
4,../../pulsedcm/target/release/pulsedcm-cli tmp/1_one_big_image_MG ano --out anonymization --workers 10 --batch 5,0.0092298993199999,0.0006875300449138,0.00900165652,0.0016856,0.0019491039999999,0.00856669852,0.01037392452,1_one_big_image,3,,,,
5,../../pulsedcm/target/release/pulsedcm-cli tmp/1_one_big_image_MG ano --out anonymization --workers 10 --batch 25,0.00917056592,0.0005283178559818,0.00927678952,0.0026355999999999,0.0010381359999999,0.00850204552,0.00988618352,1_one_big_image,3,,,,
6,../../pulsedcm/target/release/pulsedcm-cli tmp/1_one_big_image_MG ano --out anonymization --workers 10 --batch 15,0.00957261552,0.0009067870911366,0.00945338852,0.0017665999999999,0.002000704,0.00871547652,0.01105659852,1_one_big_image,3,,,,
7,../../pulsedcm/target/release/pulsedcm-cli tmp/1_one_big_image_MG ano --out anonymization --workers 25 --batch 5,0.00977470072,0.0008482983620334,0.00952710952,0.0015582,0.002254304,0.00868297052,0.01087651552,1_one_big_image,3,,,,
8,../../pulsedcm/target/release/pulsedcm-cli tmp/1_one_big_image_MG ano --out anonymization --workers 25 --batch 25,0.00918606072,0.0006937778125521,0.00902806652,0.0027167999999999,0.000976136,0.00862771252,0.01030853752,1_one_big_image,3,,,,
9,../../pulsedcm/target/release/pulsedcm-cli tmp/1_one_big_image_MG ano --out anonymization --workers 25 --batch 15,0.00971016072,0.0010548719288563,0.00953642252,0.0022697999999999,0.0017913039999999,0.00891221652,0.01149828452,1_one_big_image,3,,,,
0,../../pulsedcm/target/release/pulsedcm-cli tmp/1_one_big_image_MG ano --out anonymization,0.00939151284,0.0007920063839987,0.00922493124,0.0008507599999999,0.0027619199999999,0.00865740124,0.01073392324,1_one_big_image,4,,,,
1,../../pulsedcm/target/release/pulsedcm-cli tmp/1_one_big_image_MG ano --out anonymization --workers 5 --batch 5,0.00973849764,0.0011702088545393,0.00932409724,0.0012774079999999,0.0025185359999999,0.00878399624,0.01157622724,1_one_big_image,4,,,,
2,../../pulsedcm/target/release/pulsedcm-cli tmp/1_one_big_image_MG ano --out anonymization --workers 5 --batch 15,0.00953308004,0.0007024555503269,0.00954656824,0.00296576,0.000770168,0.00865497224,0.01034116924,1_one_big_image,4,,,,
3,../../pulsedcm/target/release/pulsedcm-cli tmp/1_one_big_image_MG ano --out anonymization --workers 5 --batch 25,0.0105042154399999,0.0010903721033256,0.01104397324,0.0009538079999999,0.003397536,0.00884523024,0.01139267024,1_one_big_image,4,,,,
4,../../pulsedcm/target/release/pulsedcm-cli tmp/1_one_big_image_MG ano --out anonymization --workers 10 --batch 5,0.00903326824,0.0005664778829985,0.00903746824,0.00164656,0.001909152,0.00851818424,0.00993475624,1_one_big_image,4,,,,
5,../../pulsedcm/target/release/pulsedcm-cli tmp/1_one_big_image_MG ano --out anonymization --workers 10 --batch 25,0.00965781184,0.0007988212936791,0.00952874724,0.00246196,0.001268368,0.00894423424,0.01101534524,1_one_big_image,4,,,,
6,../../pulsedcm/target/release/pulsedcm-cli tmp/1_one_big_image_MG ano --out anonymization --workers 10 --batch 15,0.0101146574399999,0.0012343845104177,0.01072111624,0.00223596,0.001543952,0.00877526924,0.01144848724,1_one_big_image,4,,,,
7,../../pulsedcm/target/release/pulsedcm-cli tmp/1_one_big_image_MG ano --out anonymization --workers 25 --batch 5,0.00967484324,0.0008115985739184,0.00921693724,0.001918808,0.001789352,0.00898281524,0.01089884424,1_one_big_image,4,,,,
8,../../pulsedcm/target/release/pulsedcm-cli tmp/1_one_big_image_MG ano --out anonymization --workers 25 --batch 25,0.00933748504,0.0011489431605572,0.0087398212399999,0.00240576,0.001347952,0.00814407724,0.01078789724,1_one_big_image,4,,,,
9,../../pulsedcm/target/release/pulsedcm-cli tmp/1_one_big_image_MG ano --out anonymization --workers 25 --batch 15,0.01007368164,0.0011368856144457,0.01055312424,0.00103116,0.002942336,0.00849720224,0.01126973424,1_one_big_image,4,,,,
0,../../pulsedcm/target/release/pulsedcm-cli tmp/1_one_big_image_MG ano --out anonymization,0.00940468942,0.000826036965041,0.00906712602,0.0018374799999999,0.0020203839999999,0.00869832502,0.01069436602,1_one_big_image,5,,,,
1,../../pulsedcm/target/release/pulsedcm-cli tmp/1_one_big_image_MG ano --out anonymization --workers 5 --batch 5,0.00877705302,0.0002715704703065,0.00883478302,0.0034556999999999,0.0,0.00844304602,0.00912859902,1_one_big_image,5,,,,
2,../../pulsedcm/target/release/pulsedcm-cli tmp/1_one_big_image_MG ano --out anonymization --workers 5 --batch 15,0.00956717422,0.0008755597936875,0.00902073502,0.0015984999999999,0.002029788,0.00879755602,0.01061012602,1_one_big_image,5,,,,
3,../../pulsedcm/target/release/pulsedcm-cli tmp/1_one_big_image_MG ano --out anonymization --workers 5 --batch 25,0.01048102262,0.0009948428720389,0.01081805902,0.0023653,0.001461192,0.00936542502,0.01170759102,1_one_big_image,5,,,,
4,../../pulsedcm/target/release/pulsedcm-cli tmp/1_one_big_image_MG ano --out anonymization --workers 10 --batch 5,0.00967228062,0.0007679099773074,0.00949144002,0.0022177,0.001419592,0.00883284902,0.01082764902,1_one_big_image,5,,,,
5,../../pulsedcm/target/release/pulsedcm-cli tmp/1_one_big_image_MG ano --out anonymization --workers 10 --batch 25,0.00981446742,0.0008712834360753,0.00962756502,0.0015969,0.0020625879999999,0.00885756202,0.01094350002,1_one_big_image,5,,,,
6,../../pulsedcm/target/release/pulsedcm-cli tmp/1_one_big_image_MG ano --out anonymization --workers 10 --batch 15,0.01097278122,0.0014225685760135,0.01120015902,0.0031376999999999,0.000674996,0.00860970902,0.01233707102,1_one_big_image,5,,,,
7,../../pulsedcm/target/release/pulsedcm-cli tmp/1_one_big_image_MG ano --out anonymization --workers 25 --batch 5,0.01021944722,0.0019480770523571,0.00953748602,0.0037684999999999,0.000139396,0.00868644402,0.01351378702,1_one_big_image,5,,,,
8,../../pulsedcm/target/release/pulsedcm-cli tmp/1_one_big_image_MG ano --out anonymization --workers 25 --batch 25,0.00967642702,0.0009652944261174,0.00917212302,0.0023939,0.001503992,0.00864355302,0.01079174002,1_one_big_image,5,,,,
9,../../pulsedcm/target/release/pulsedcm-cli tmp/1_one_big_image_MG ano --out anonymization --workers 25 --batch 15,0.01019197302,0.0007296605589878,0.00991790102,0.0029959,0.000683196,0.00940906702,0.01103618302,1_one_big_image,5,,,,
0,../../pulsedcm/target/release/pulsedcm-cli tmp/1_one_big_image_MG ano --out anonymization,0.0095184491,0.001092245554741,0.0092192721,0.00145874,0.002250256,0.0086055711,0.0113759441,1_one_big_image,6,,,,
1,../../pulsedcm/target/release/pulsedcm-cli tmp/1_one_big_image_MG ano --out anonymization --workers 5 --batch 5,0.0096875339,0.0016702151744822,0.0090453811,0.00098834,0.002801456,0.0084481621,0.0126246141,1_one_big_image,6,,,,
2,../../pulsedcm/target/release/pulsedcm-cli tmp/1_one_big_image_MG ano --out anonymization --workers 5 --batch 15,0.0091913877,0.0006614212373172,0.0090639161,0.00170874,0.0019285919999999,0.0085566971,0.0103007411,1_one_big_image,6,,,,
3,../../pulsedcm/target/release/pulsedcm-cli tmp/1_one_big_image_MG ano --out anonymization --workers 5 --batch 25,0.0098370279,0.0008147820281214,0.0101440191,0.002211952,0.001867856,0.0085547351,0.0105364711,1_one_big_image,6,,,,
4,../../pulsedcm/target/release/pulsedcm-cli tmp/1_one_big_image_MG ano --out anonymization --workers 10 --batch 5,0.0092892741,0.000612763625886,0.0089871531,0.002314152,0.001420528,0.0087483301,0.0100351951,1_one_big_image,6,,,,
5,../../pulsedcm/target/release/pulsedcm-cli tmp/1_one_big_image_MG ano --out anonymization --workers 10 --batch 25,0.0095455303,0.0007946193910688,0.0091928391,0.0009987519999999,0.0030056559999999,0.0088405571,0.0107890721,1_one_big_image,6,,,,
6,../../pulsedcm/target/release/pulsedcm-cli tmp/1_one_big_image_MG ano --out anonymization --workers 10 --batch 15,0.0091710257,0.000714469071955,0.0090889971,0.00305354,0.0006140639999999,0.0082296961,0.0102339381,1_one_big_image,6,,,,
7,../../pulsedcm/target/release/pulsedcm-cli tmp/1_one_big_image_MG ano --out anonymization --workers 25 --batch 5,0.0094185475,0.0009240134087159,0.0090268641,0.0009563519999999,0.002903456,0.0087385941,0.0109411541,1_one_big_image,6,,,,
8,../../pulsedcm/target/release/pulsedcm-cli tmp/1_one_big_image_MG ano --out anonymization --workers 25 --batch 25,0.0096211569,0.0002904028826616,0.0096002511,0.0024903399999999,0.001399528,0.0092165631,0.0100227231,1_one_big_image,6,,,,
9,../../pulsedcm/target/release/pulsedcm-cli tmp/1_one_big_image_MG ano --out anonymization --workers 25 --batch 15,0.0104176225,0.001207260383176,0.0108316431,0.00179214,0.002272392,0.0090226481,0.0118153101,1_one_big_image,6,,,,
0,../../pulsedcm/target/release/pulsedcm-cli tmp/1_one_big_image_MG ano --out anonymization,0.008958865,0.0001719303817755,0.00904584,0.0014096599999999,0.00213892,0.008760448,0.009144961,1_one_big_image,7,,,,
1,../../pulsedcm/target/release/pulsedcm-cli tmp/1_one_big_image_MG ano --out anonymization --workers 5 --batch 5,0.0094258948,0.0007136787998789,0.009351279,0.0014129279999999,0.00224392,0.008423804,0.010350859,1_one_big_image,7,,,,
2,../../pulsedcm/target/release/pulsedcm-cli tmp/1_one_big_image_MG ano --out anonymization --workers 5 --batch 15,0.0090771696,0.0004036034195807,0.009008888,0.0019006599999999,0.00165872,0.008658018,0.009744233,1_one_big_image,7,,,,
3,../../pulsedcm/target/release/pulsedcm-cli tmp/1_one_big_image_MG ano --out anonymization --workers 5 --batch 25,0.0092355508,0.0005854617927992,0.009487408,0.00254666,0.00110172,0.00847809,0.009923712,1_one_big_image,7,,,,
4,../../pulsedcm/target/release/pulsedcm-cli tmp/1_one_big_image_MG ano --out anonymization --workers 10 --batch 5,0.008818855,0.0006578018388971,0.008586433,0.00160206,0.00187252,0.008233363,0.009877602,1_one_big_image,7,,,,
5,../../pulsedcm/target/release/pulsedcm-cli tmp/1_one_big_image_MG ano --out anonymization --workers 10 --batch 25,0.0096247916,0.000602965508401,0.009776603,0.0016196599999999,0.00209424,0.008737778,0.010178485,1_one_big_image,7,,,,
6,../../pulsedcm/target/release/pulsedcm-cli tmp/1_one_big_image_MG ano --out anonymization --workers 10 --batch 15,0.0091222429999999,0.0007360861618468,0.008696234,0.00301386,0.00063368,0.00849834,0.010090897,1_one_big_image,7,,,,
7,../../pulsedcm/target/release/pulsedcm-cli tmp/1_one_big_image_MG ano --out anonymization --workers 25 --batch 5,0.009119202,0.0006192355747221,0.009170169,0.00021606,0.0033883999999999,0.008383902,0.009880785,1_one_big_image,7,,,,
8,../../pulsedcm/target/release/pulsedcm-cli tmp/1_one_big_image_MG ano --out anonymization --workers 25 --batch 25,0.0095575902,0.0009125147650047,0.00926094,0.001508728,0.00225424,0.008514437,0.010790419,1_one_big_image,7,,,,
9,../../pulsedcm/target/release/pulsedcm-cli tmp/1_one_big_image_MG ano --out anonymization --workers 25 --batch 15,0.0094156066,0.0006608432782837,0.009087238,0.00091286,0.0027221199999999,0.008692192,0.010120166,1_one_big_image,7,,,,
0,../../pulsedcm/target/release/pulsedcm-cli tmp/1_one_big_image_MG ano --out anonymization,0.0091326133,0.000223167028551,0.0090317487,0.0028396399999999,0.0007877439999999,0.0089247257,0.0094931527,1_one_big_image,8,,,,
1,../../pulsedcm/target/release/pulsedcm-cli tmp/1_one_big_image_MG ano --out anonymization --workers 5 --batch 5,0.0099044475,0.0009943871348668,0.0099029107,0.001793912,0.002245216,0.0088930177,0.0109773217,1_one_big_image,8,,,,
2,../../pulsedcm/target/release/pulsedcm-cli tmp/1_one_big_image_MG ano --out anonymization --workers 5 --batch 15,0.0087826119,0.000278403481559,0.0087555557,0.0018928399999999,0.001566688,0.0084894017,0.0092142237,1_one_big_image,8,,,,
3,../../pulsedcm/target/release/pulsedcm-cli tmp/1_one_big_image_MG ano --out anonymization --workers 5 --batch 25,0.0094276367,0.0007057444118581,0.0092761097,0.0007916399999999,0.0028297599999999,0.0088332497,0.0105836417,1_one_big_image,8,,,,
4,../../pulsedcm/target/release/pulsedcm-cli tmp/1_one_big_image_MG ano --out anonymization --workers 10 --batch 5,0.0091252071,0.0004901891335008,0.0092786567,0.00330904,0.000341072,0.0085672687,0.0096376237,1_one_big_image,8,,,,
5,../../pulsedcm/target/release/pulsedcm-cli tmp/1_one_big_image_MG ano --out anonymization --workers 10 --batch 25,0.0090759025,0.0003404331523217,0.0090754457,0.00225744,0.001450816,0.0086563247,0.0094939137,1_one_big_image,8,,,,
6,../../pulsedcm/target/release/pulsedcm-cli tmp/1_one_big_image_MG ano --out anonymization --workers 10 --batch 15,0.0094711087,0.0004129722759968,0.0095068077,0.00235564,0.001346744,0.0090550227,0.0100729657,1_one_big_image,8,,,,
7,../../pulsedcm/target/release/pulsedcm-cli tmp/1_one_big_image_MG ano --out anonymization --workers 25 --batch 5,0.0091278041,0.0004804778327277,0.0089395397,0.000628784,0.00304336,0.0088219467,0.0099683167,1_one_big_image,8,,,,
8,../../pulsedcm/target/release/pulsedcm-cli tmp/1_one_big_image_MG ano --out anonymization --workers 25 --batch 25,0.0091760079,0.000487010547811,0.0090157337,0.0017232399999999,0.0018820159999999,0.0088651497,0.0100289317,1_one_big_image,8,,,,
9,../../pulsedcm/target/release/pulsedcm-cli tmp/1_one_big_image_MG ano --out anonymization --workers 25 --batch 15,0.0092592343,0.0003912732367774,0.0091887587,0.0001887839999999,0.00353516,0.0088634147,0.0099150667,1_one_big_image,8,,,,
0,../../pulsedcm/target/release/pulsedcm-cli tmp/1_one_big_image_MG ano --out anonymization,0.01006702358,0.0004819866187382,0.00994492678,0.000928824,0.00326564,0.00961531578,0.01065602278,1_one_big_image,9,,,,
1,../../pulsedcm/target/release/pulsedcm-cli tmp/1_one_big_image_MG ano --out anonymization --workers 5 --batch 5,0.01096468078,0.0014187427201446,0.01088343878,0.00236356,0.001646264,0.00899369378,0.01299805278,1_one_big_image,9,,,,
2,../../pulsedcm/target/release/pulsedcm-cli tmp/1_one_big_image_MG ano --out anonymization --workers 5 --batch 15,0.00983567158,0.0005406763792299,0.01007581178,0.00206896,0.001485664,0.00898468178,0.01035897578,1_one_big_image,9,,,,
3,../../pulsedcm/target/release/pulsedcm-cli tmp/1_one_big_image_MG ano --out anonymization --workers 5 --batch 25,0.01100430758,0.0014585766216626,0.01048862178,0.00177856,0.0021316639999999,0.00921796878,0.01295002278,1_one_big_image,9,,,,
4,../../pulsedcm/target/release/pulsedcm-cli tmp/1_one_big_image_MG ano --out anonymization --workers 10 --batch 5,0.00985375038,0.0009498751788789,0.00937885678,0.001499448,0.002266752,0.00893316378,0.01093080378,1_one_big_image,9,,,,
5,../../pulsedcm/target/release/pulsedcm-cli tmp/1_one_big_image_MG ano --out anonymization --workers 10 --batch 25,0.01007623878,0.0010593191893676,0.00976117678,0.00216236,0.001792464,0.00886286378,0.01167577078,1_one_big_image,9,,,,
6,../../pulsedcm/target/release/pulsedcm-cli tmp/1_one_big_image_MG ano --out anonymization --workers 10 --batch 15,0.0089752925799999,0.0001506697661682,0.00898789878,0.0015262479999999,0.0020276639999999,0.00874547378,0.00915469078,1_one_big_image,9,,,,
7,../../pulsedcm/target/release/pulsedcm-cli tmp/1_one_big_image_MG ano --out anonymization --workers 25 --batch 5,0.01087355378,0.0026177399866317,0.00941438678,0.00257916,0.001538264,0.00903494478,0.01513953478,1_one_big_image,9,,,,
8,../../pulsedcm/target/release/pulsedcm-cli tmp/1_one_big_image_MG ano --out anonymization --workers 25 --batch 25,0.00951234138,0.0007184186660891,0.00938567578,0.00154836,0.002023264,0.00881534278,0.01062033778,1_one_big_image,9,,,,
9,../../pulsedcm/target/release/pulsedcm-cli tmp/1_one_big_image_MG ano --out anonymization --workers 25 --batch 15,0.00943052638,0.0003552100962519,0.00929255478,0.00171536,0.0019418639999999,0.00906372778,0.00985902578,1_one_big_image,9,,,,
0,../../pulsedcm/target/release/pulsedcm-cli tmp/1_one_big_image_MG ano --out anonymization,0.35938602234,0.0448468395215033,0.37567580554,0.0199694799999999,0.12661188,0.29523299754,0.40783872554,1_one_big_image,ano,,,,
1,../../pulsedcm/target/release/pulsedcm-cli tmp/1_one_big_image_MG ano --out anonymization --action remove,0.36979689614,0.0244053143746888,0.35540390254,0.0152882799999999,0.1339514799999999,0.34874264654,0.40337422854,1_one_big_image,ano,,,,
2,../../pulsedcm/target/release/pulsedcm-cli tmp/1_one_big_image_MG ano --out anonymization --action zero,0.39548749094,0.0374007155340762,0.39811854854,0.01336708,0.13446428,0.35751920054,0.44748565154,1_one_big_image,ano,,,,
3,../../pulsedcm/target/release/pulsedcm-cli tmp/1_one_big_image_MG ano --out anonymization --policy basic,0.3595934345400001,0.0296658875253487,0.36220083154,0.01961008,0.12697428,0.31970832254,0.39364802054,1_one_big_image,ano,,,,
4,../../pulsedcm/target/release/pulsedcm-cli tmp/1_one_big_image_MG ano --out anonymization --policy strict,0.3656908399399999,0.0291287895498317,0.37519424954,0.02139048,0.12793868,0.31499905854,0.38988850354,1_one_big_image,ano,,,,
5,../../pulsedcm/target/release/pulsedcm-cli tmp/1_one_big_image_MG ano --out anonymization --action zero --policy basic,0.38705622094,0.0177916162025027,0.38568353154,0.02079828,0.12741688,0.36549221454,0.40794738254,1_one_big_image,ano,,,,
6,../../pulsedcm/target/release/pulsedcm-cli tmp/1_one_big_image_MG ano --out anonymization --action remove --policy strict,0.36852323234,0.033045457644749,0.35573161554,0.01198868,0.13730808,0.32961380954,0.41474254254,1_one_big_image,ano,,,,
7,"for f in tmp/1_one_big_image_MG/*; do dcmodify -e ""(0010,0010)"" -e ""(0010,0020)"" -e ""(0010,0030)"" -e ""(0010,0040)"" -e ""(0010,1000)"" -e ""(0010,1001)"" -e ""(0010,1040)"" -e ""(0010,2160)"" -e ""(0010,4000)"" -e ""(0008,0090)"" -e ""(0008,0050)"" -e ""(0008,0080)"" -e ""(0008,0081)"" -e ""(0008,1040)"" -e ""(0008,1010)"" -e ""(0038,0010)"" -e ""(0032,1032)"" -e ""(0032,1060)"" -e ""(0032,1064)"" -e ""(0040,1001)"" -e ""(0040,1003)"" -e ""(0040,1400)"" -e ""(0008,009C)"" -e ""(0010,1060)"" -e ""(0040,0243)"" -e ""(0040,0242)"" -e ""(0040,0254)"" -e ""(0018,1000)"" -e ""(0020,4000)"" -e ""(4008,0114)"" $f ; done",0.06663594214,0.0013954172279409,0.06630316754,0.02453548,0.0385054799999999,0.06528148254,0.06867675854,1_one_big_image,ano,,,,
8,"find tmp/1_one_big_image_MG -type f -name ""*.dcm"" | parallel dcmodify -e ""\(0010,0010\)"" -e ""\(0010,0020\)"" -e ""\(0010,0030\)"" -e ""\(0010,0040\)"" -e ""\(0010,1000\)"" -e ""\(0010,1001\)"" -e ""\(0010,1040\)"" -e ""\(0010,2160\)"" -e ""\(0010,4000\)"" -e ""\(0008,0090\)"" -e ""\(0008,0050\)"" -e ""\(0008,0080\)"" -e ""\(0008,0081\)"" -e ""\(0008,1040\)"" -e ""\(0008,1010\)"" -e ""\(0038,0010\)"" -e ""\(0032,1032\)"" -e ""\(0032,1060\)"" -e ""\(0032,1064\)"" -e ""\(0040,1001\)"" -e ""\(0040,1003\)"" -e ""\(0040,1400\)"" -e ""\(0008,009C\)"" -e ""\(0010,1060\)"" -e ""\(0040,0243\)"" -e ""\(0040,0242\)"" -e ""\(0040,0254\)"" -e ""\(0018,1000\)"" -e ""\(0020,4000\)"" -e ""\(4008,0114\)"" {}",0.20500097594,0.0032902544255271,0.20573468954,0.13826548,0.07058848,0.20117069754,0.20901822654,1_one_big_image,ano,,,,
0,../../pulsedcm/target/release/pulsedcm-cli tmp/1_one_big_image_MG tags all,0.00547195336,0.0012332714517168,0.00550344456,0.001480312,0.003114112,0.00434009156,0.00744098656,1_one_big_image,dump,,,,
1,../../pulsedcm/target/release/pulsedcm-cli tmp/1_one_big_image_MG tags short,0.00497731656,0.0007908654871155,0.00518277956,0.002457016,0.0022294839999999,0.00404085856,0.00587289056,1_one_big_image,dump,,,,
2,"../../pulsedcm/target/release/pulsedcm-cli tmp/1_one_big_image_MG tags PatientName,PatientID,Modality",0.00476492636,0.0007687033935541,0.00445504756,0.00419792,0.0,0.00395716056,0.00566642156,1_one_big_image,dump,,,,
3,../../pulsedcm/target/release/pulsedcm-cli tmp/1_one_big_image_MG tags all --json pulse_json_csv/tags_all.json,0.00478869896,0.0012234828003113,0.00438219156,0.00056132,0.00361534,0.00372743656,0.00657618556,1_one_big_image,dump,,,,
4,../../pulsedcm/target/release/pulsedcm-cli tmp/1_one_big_image_MG tags all --csv pulse_json_csv/tags_all.csv,0.00583406716,0.0010907641417642,0.00573816656,0.0029166159999999,0.002274284,0.00427339556,0.00712113256,1_one_big_image,dump,,,,
5,for f in tmp/1_one_big_image_MG/* ; do dcmdump +L all -M $f ; done,0.03426021056,0.0024565578373902,0.03368859456,0.02878192,0.003616712,0.03212539056,0.03833947956,1_one_big_image,dump,,,,
6,for f in tmp/1_one_big_image_MG/* ; do dcmdump +L +P PatientName +P PatientID +P Modality $f; done,0.06517646716,0.0027805944407971,0.06457609456,0.02564652,0.03488914,0.06276663756,0.06993512456,1_one_big_image,dump,,,,
7,for f in tmp/1_one_big_image_MG/* ; do dcmdump +L +P PatientName +P PatientID +P StudyDate $f; done,0.06476097716,0.0011598007919728,0.06516781656,0.02379372,0.03736794,0.06296054856,0.06583860156,1_one_big_image,dump,,,,
8,for f in tmp/1_one_big_image_MG/* ; do dcm2json $f dcmtk_json_csv/$(basename $f).json ; done,0.02983789856,0.0016223042172139,0.02960333256,0.0256777199999999,0.002519084,0.02808861856,0.03237005456,1_one_big_image,dump,,,,
9,"find tmp/1_one_big_image_MG -type f -name ""*.dcm"" | parallel dcmdump +L all -M {}",0.15285120296,0.006518728871594,0.15276566356,0.12893092,0.02818754,0.14519151456,0.16052566456,1_one_big_image,dump,,,,
0,../../pulsedcm/target/release/pulsedcm-cli tmp/1_one_big_image_MG view,0.04547017826,0.0014083229611021,0.04593030226,0.0075173199999999,0.0342571,0.04334465126,0.04708001026,1_one_big_image,view,,,,
1,../../pulsedcm/target/release/pulsedcm-cli tmp/1_one_big_image_MG view --jobs 1,0.04449922286,0.0015885222033431,0.04474988726,0.00812252,0.0343527,0.04197095126,0.04624651626,1_one_big_image,view,,,,
2,for f in tmp/1_one_big_image_MG/* ; do dcmj2pnm +on +Wm  dcmtk_view/$(basename $f).png ;  done,0.03059001066,0.00099835912213,0.03062253826,0.02344632,0.0049561,0.02940517426,0.03194773426,1_one_big_image,view,,,,
3,"find tmp/1_one_big_image_MG -type f -name ""*.dcm"" | parallel dcmj2pnm +on +Wm {} dcmtk_view/$(basename $f).png",0.14914583066,0.0022203745634757,0.14985615026,0.12754732,0.0242865,0.14591680226,0.15146532226,1_one_big_image,view,,,,
0,../../pulsedcm/target/release/pulsedcm-cli tmp/2_small_serie_MR ano --out anonymization,0.14790886958,0.0247119435721595,0.14131759718,0.0035773359999999,0.01733376,0.12433642318,0.18995179518,2_small_serie_MR,0,,,,
1,../../pulsedcm/target/release/pulsedcm-cli tmp/2_small_serie_MR ano --out anonymization --workers 5 --batch 5,0.14897976138,0.0068805858580982,0.14922616918,0.00867862,0.0139417599999999,0.13841062118,0.15738871218,2_small_serie_MR,0,,,,
2,../../pulsedcm/target/release/pulsedcm-cli tmp/2_small_serie_MR ano --out anonymization --workers 5 --batch 15,0.13890202598,0.0171384907852939,0.12972514218,0.001311736,0.01862456,0.12606442518,0.16516530018,2_small_serie_MR,0,,,,
3,../../pulsedcm/target/release/pulsedcm-cli tmp/2_small_serie_MR ano --out anonymization --workers 5 --batch 25,0.14581791978,0.018128450452732,0.14074671118,0.0074878199999999,0.0128755679999999,0.13365624318,0.17747266218,2_small_serie_MR,0,,,,
4,../../pulsedcm/target/release/pulsedcm-cli tmp/2_small_serie_MR ano --out anonymization --workers 10 --batch 5,0.14172737578,0.0194757141392608,0.13619045618,0.00311462,0.01786236,0.12294079718,0.17437888218,2_small_serie_MR,0,,,,
5,../../pulsedcm/target/release/pulsedcm-cli tmp/2_small_serie_MR ano --out anonymization --workers 10 --batch 25,0.14213838058,0.0068006675102667,0.14136098118,0.0037230199999999,0.01627356,0.13296923918,0.15200427518,2_small_serie_MR,0,,,,
6,../../pulsedcm/target/release/pulsedcm-cli tmp/2_small_serie_MR ano --out anonymization --workers 10 --batch 15,0.13955366698,0.0104626710395612,0.14122102618,0.00633962,0.01381176,0.12595145618,0.15402632318,2_small_serie_MR,0,,,,
7,../../pulsedcm/target/release/pulsedcm-cli tmp/2_small_serie_MR ano --out anonymization --workers 25 --batch 5,0.13711661518,0.017657441956929,0.13040819518,0.005066136,0.01491836,0.11849963718,0.16311551418,2_small_serie_MR,0,,,,
8,../../pulsedcm/target/release/pulsedcm-cli tmp/2_small_serie_MR ano --out anonymization --workers 25 --batch 25,0.14871530158,0.0328757583770761,0.13311309418,0.004085136,0.01658276,0.12715098018,0.20562308418,2_small_serie_MR,0,,,,
9,../../pulsedcm/target/release/pulsedcm-cli tmp/2_small_serie_MR ano --out anonymization --workers 25 --batch 15,0.13763684358,0.0063311732935757,0.13856232418,0.0055698199999999,0.0154113599999999,0.13120905418,0.14651445118,2_small_serie_MR,0,,,,
0,../../pulsedcm/target/release/pulsedcm-cli tmp/2_small_serie_MR ano --out anonymization,0.1388707565,0.0056674671730481,0.1360098357,0.0056262,0.0149843399999999,0.1331310607,0.1467828727,2_small_serie_MR,1,,,,
1,../../pulsedcm/target/release/pulsedcm-cli tmp/2_small_serie_MR ano --out anonymization --workers 5 --batch 5,0.1331400217,0.0262423001718398,0.1293076967,0.0059023999999999,0.0154761399999999,0.1086919897,0.1684137836999999,2_small_serie_MR,1,,,,
2,../../pulsedcm/target/release/pulsedcm-cli tmp/2_small_serie_MR ano --out anonymization --workers 5 --batch 15,0.1407814363,0.0138297438586366,0.1407461737,0.005362,0.0156383399999999,0.1239825727,0.1612892467,2_small_serie_MR,1,,,,
3,../../pulsedcm/target/release/pulsedcm-cli tmp/2_small_serie_MR ano --out anonymization --workers 5 --batch 25,0.1404129401,0.0153142524765171,0.1401990447,0.00508008,0.01535214,0.1202582007,0.1601448037,2_small_serie_MR,1,,,,
4,../../pulsedcm/target/release/pulsedcm-cli tmp/2_small_serie_MR ano --out anonymization --workers 10 --batch 5,0.1406957827,0.0096316203786772,0.1402245427,0.0104745999999999,0.0115989399999999,0.1294718107,0.1537043287,2_small_serie_MR,1,,,,
5,../../pulsedcm/target/release/pulsedcm-cli tmp/2_small_serie_MR ano --out anonymization --workers 10 --batch 25,0.1319231501,0.0036738131675743,0.1333322177,0.0062482,0.0129433919999999,0.1258909077,0.1347114717,2_small_serie_MR,1,,,,
6,../../pulsedcm/target/release/pulsedcm-cli tmp/2_small_serie_MR ano --out anonymization --workers 10 --batch 15,0.1322541859,0.0092346144632992,0.1297761307,0.0077773999999999,0.01124714,0.1247171487,0.1479542807,2_small_serie_MR,1,,,,
7,../../pulsedcm/target/release/pulsedcm-cli tmp/2_small_serie_MR ano --out anonymization --workers 25 --batch 5,0.1400296479,0.0125939637125929,0.1365193657,0.003643,0.01797534,0.1252915896999999,0.1563486817,2_small_serie_MR,1,,,,
8,../../pulsedcm/target/release/pulsedcm-cli tmp/2_small_serie_MR ano --out anonymization --workers 25 --batch 25,0.1568785881,0.0121705616116172,0.1578304277,0.0056226,0.01584314,0.1439138127,0.1718316387,2_small_serie_MR,1,,,,
9,../../pulsedcm/target/release/pulsedcm-cli tmp/2_small_serie_MR ano --out anonymization --workers 25 --batch 15,0.1395266133,0.0100228104467706,0.1406528087,0.0063844,0.0143677399999999,0.1247427067,0.1519211037,2_small_serie_MR,1,,,,
0,../../pulsedcm/target/release/pulsedcm-cli tmp/2_small_serie_MR ano --out anonymization,0.14201867846,0.0101695357022776,0.13724205346,0.0099152199999999,0.010291996,0.13122433446,0.15463768146,2_small_serie_MR,2,,,,
1,../../pulsedcm/target/release/pulsedcm-cli tmp/2_small_serie_MR ano --out anonymization --workers 5 --batch 5,0.14141043646,0.0090114684499567,0.13834314546,0.00702182,0.013756128,0.13110200646,0.15431349546,2_small_serie_MR,2,,,,
2,../../pulsedcm/target/release/pulsedcm-cli tmp/2_small_serie_MR ano --out anonymization --workers 5 --batch 15,0.13150130866,0.0122779135298516,0.12792960646,0.00232182,0.01825466,0.11756201946,0.14756533046,2_small_serie_MR,2,,,,
3,../../pulsedcm/target/release/pulsedcm-cli tmp/2_small_serie_MR ano --out anonymization --workers 5 --batch 25,0.13204626726,0.0144047607086852,0.13166751446,0.0023370559999999,0.0187712599999999,0.11724788046,0.15351286146,2_small_serie_MR,2,,,,
4,../../pulsedcm/target/release/pulsedcm-cli tmp/2_small_serie_MR ano --out anonymization --workers 10 --batch 5,0.13463353166,0.0048228967765516,0.13346847446,0.0009448199999999,0.0186506599999999,0.12968705246,0.14106589546,2_small_serie_MR,2,,,,
5,../../pulsedcm/target/release/pulsedcm-cli tmp/2_small_serie_MR ano --out anonymization --workers 10 --batch 25,0.11799598366,0.010354883762133,0.11932510246,0.00911482,0.009865328,0.10698875546,0.13345519746,2_small_serie_MR,2,,,,
6,../../pulsedcm/target/release/pulsedcm-cli tmp/2_small_serie_MR ano --out anonymization --workers 10 --batch 15,0.12854254166,0.0207416428750159,0.11600663446,0.00449142,0.0147498599999999,0.10976948246,0.15541958546,2_small_serie_MR,2,,,,
7,../../pulsedcm/target/release/pulsedcm-cli tmp/2_small_serie_MR ano --out anonymization --workers 25 --batch 5,0.12338817726,0.0074874875169714,0.12002198546,0.0053342199999999,0.01293366,0.11692957846,0.13546748846,2_small_serie_MR,2,,,,
8,../../pulsedcm/target/release/pulsedcm-cli tmp/2_small_serie_MR ano --out anonymization --workers 25 --batch 25,0.12278074106,0.0108128454192538,0.12230367746,0.0024242199999999,0.01690006,0.10845551646,0.13878978346,2_small_serie_MR,2,,,,
9,../../pulsedcm/target/release/pulsedcm-cli tmp/2_small_serie_MR ano --out anonymization --workers 25 --batch 15,0.11122334666,0.0020451977615331,0.11204362246,0.00515322,0.01220286,0.10798555846,0.11310027246,2_small_serie_MR,2,,,,
0,../../pulsedcm/target/release/pulsedcm-cli tmp/2_small_serie_MR ano --out anonymization,0.12111466166,0.0120746611209893,0.12267688066,0.00255428,0.01637834,0.10572560766,0.13844076966,2_small_serie_MR,3,,,,
1,../../pulsedcm/target/release/pulsedcm-cli tmp/2_small_serie_MR ano --out anonymization --workers 5 --batch 5,0.12675376806,0.0187460777639567,0.12095911666,0.0067749839999999,0.012282032,0.11435191266,0.15969956866,2_small_serie_MR,3,,,,
2,../../pulsedcm/target/release/pulsedcm-cli tmp/2_small_serie_MR ano --out anonymization --workers 5 --batch 15,0.12881738486,0.0165182876772894,0.12792178366,0.00564808,0.01385294,0.11240948366,0.15327444066,2_small_serie_MR,3,,,,
3,../../pulsedcm/target/release/pulsedcm-cli tmp/2_small_serie_MR ano --out anonymization --workers 5 --batch 25,0.12679851926,0.0156940794441442,0.13140811266,0.00616888,0.0138247399999999,0.10284451266,0.14448098066,2_small_serie_MR,3,,,,
4,../../pulsedcm/target/release/pulsedcm-cli tmp/2_small_serie_MR ano --out anonymization --workers 10 --batch 5,0.14527344726,0.0067473400022012,0.14253566966,0.00555768,0.01552674,0.13781898266,0.15313443566,2_small_serie_MR,3,,,,
5,../../pulsedcm/target/release/pulsedcm-cli tmp/2_small_serie_MR ano --out anonymization --workers 10 --batch 25,0.13102617846,0.0184220671790895,0.12512255066,0.00663948,0.0138855399999999,0.11360516266,0.15786456666,2_small_serie_MR,3,,,,
6,../../pulsedcm/target/release/pulsedcm-cli tmp/2_small_serie_MR ano --out anonymization --workers 10 --batch 15,0.14013135626,0.011721400265043,0.14113769566,0.0089585839999999,0.012103432,0.12203878466,0.15212833766,2_small_serie_MR,3,,,,
7,../../pulsedcm/target/release/pulsedcm-cli tmp/2_small_serie_MR ano --out anonymization --workers 25 --batch 5,0.13891846066,0.0035548421760533,0.13992257666,0.0017216799999999,0.0190599399999999,0.13432761766,0.14301020566,2_small_serie_MR,3,,,,
8,../../pulsedcm/target/release/pulsedcm-cli tmp/2_small_serie_MR ano --out anonymization --workers 25 --batch 25,0.13829439886,0.0120349358535767,0.14041260266,0.0087882799999999,0.01178894,0.12570594866,0.15557085166,2_small_serie_MR,3,,,,
9,../../pulsedcm/target/release/pulsedcm-cli tmp/2_small_serie_MR ano --out anonymization --workers 25 --batch 15,0.14119654346,0.0099416601523847,0.13923258766,0.004521184,0.01768254,0.13203840666,0.15781318566,2_small_serie_MR,3,,,,
0,../../pulsedcm/target/release/pulsedcm-cli tmp/2_small_serie_MR ano --out anonymization,0.13597656194,0.0188161752332987,0.12933892374,0.00294906,0.0172205,0.12215246174,0.16882019574,2_small_serie_MR,4,,,,
1,../../pulsedcm/target/release/pulsedcm-cli tmp/2_small_serie_MR ano --out anonymization --workers 5 --batch 5,0.13214024654,0.0145839485839576,0.12497786874,0.00549326,0.0143461,0.11746890674,0.15350954074,2_small_serie_MR,4,,,,
2,../../pulsedcm/target/release/pulsedcm-cli tmp/2_small_serie_MR ano --out anonymization --workers 5 --batch 15,0.14178014314,0.0059901357915569,0.13911074874,0.003180688,0.0172832999999999,0.13529435774,0.14937739974,2_small_serie_MR,4,,,,
3,../../pulsedcm/target/release/pulsedcm-cli tmp/2_small_serie_MR ano --out anonymization --workers 5 --batch 25,0.13737194114,0.0088624798973921,0.13742256774,0.0066938599999999,0.0134002999999999,0.12879224974,0.15075602974,2_small_serie_MR,4,,,,
4,../../pulsedcm/target/release/pulsedcm-cli tmp/2_small_serie_MR ano --out anonymization --workers 10 --batch 5,0.13393576754,0.0122410750740529,0.13006067574,0.004888316,0.01567892,0.11945665574,0.15218971274,2_small_serie_MR,4,,,,
5,../../pulsedcm/target/release/pulsedcm-cli tmp/2_small_serie_MR ano --out anonymization --workers 10 --batch 25,0.13405173454,0.0144670071037025,0.13148500274,0.004545088,0.0163030999999999,0.11682469774,0.14902684074,2_small_serie_MR,4,,,,
6,../../pulsedcm/target/release/pulsedcm-cli tmp/2_small_serie_MR ano --out anonymization --workers 10 --batch 15,0.14217911354,0.0188734350090463,0.15005753374,0.0095636879999999,0.01048572,0.11560811874,0.16335622074,2_small_serie_MR,4,,,,
7,../../pulsedcm/target/release/pulsedcm-cli tmp/2_small_serie_MR ano --out anonymization --workers 25 --batch 5,0.1525429207399999,0.0161813845453992,0.14782155674,0.0031240599999999,0.0180000999999999,0.13559965274,0.17142919074,2_small_serie_MR,4,,,,
8,../../pulsedcm/target/release/pulsedcm-cli tmp/2_small_serie_MR ano --out anonymization --workers 25 --batch 25,0.13852268554,0.0194658896949814,0.14477241874,0.00629946,0.01460692,0.11813775774,0.16468850374,2_small_serie_MR,4,,,,
9,../../pulsedcm/target/release/pulsedcm-cli tmp/2_small_serie_MR ano --out anonymization --workers 25 --batch 15,0.13515971834,0.048296096621535,0.11466107374,0.002185488,0.0173817,0.09481114074,0.21476086974,2_small_serie_MR,4,,,,
0,../../pulsedcm/target/release/pulsedcm-cli tmp/2_small_serie_MR ano --out anonymization,0.11223966086,0.0092852865426127,0.11390678846,0.00892018,0.0095567999999999,0.09907807046,0.12357841246,2_small_serie_MR,5,,,,
1,../../pulsedcm/target/release/pulsedcm-cli tmp/2_small_serie_MR ano --out anonymization --workers 5 --batch 5,0.08140736386,0.0039275684161292,0.08068649246,0.00534778,0.01018148,0.07595318946,0.08626385546,2_small_serie_MR,5,,,,
2,../../pulsedcm/target/release/pulsedcm-cli tmp/2_small_serie_MR ano --out anonymization --workers 5 --batch 15,0.08853256526,0.0033725130915889,0.08730459946,0.00615178,0.0098040799999999,0.08594831246,0.09438815046,2_small_serie_MR,5,,,,
3,../../pulsedcm/target/release/pulsedcm-cli tmp/2_small_serie_MR ano --out anonymization --workers 5 --batch 25,0.09126035506,0.0073542239966169,0.09204550646,0.0057105799999999,0.0111811999999999,0.08288511046,0.10107295046,2_small_serie_MR,5,,,,
4,../../pulsedcm/target/release/pulsedcm-cli tmp/2_small_serie_MR ano --out anonymization --workers 10 --batch 5,0.08849164726,0.005708936512423,0.08692275946,0.005103624,0.0117495999999999,0.08184517646,0.09663867546,2_small_serie_MR,5,,,,
5,../../pulsedcm/target/release/pulsedcm-cli tmp/2_small_serie_MR ano --out anonymization --workers 10 --batch 25,0.08422246746,0.0069390059518613,0.08578425546,0.00579138,0.0092424799999999,0.07588662746,0.09376922646,2_small_serie_MR,5,,,,
6,../../pulsedcm/target/release/pulsedcm-cli tmp/2_small_serie_MR ano --out anonymization --workers 10 --batch 15,0.08709090586,0.0095052896927019,0.08597943546,0.00283658,0.013352,0.07658044046,0.10147240046,2_small_serie_MR,5,,,,
7,../../pulsedcm/target/release/pulsedcm-cli tmp/2_small_serie_MR ano --out anonymization --workers 25 --batch 5,0.0854635938599999,0.0062423304269053,0.08465351546,0.005019224,0.0111162,0.07965524946,0.09551438646,2_small_serie_MR,5,,,,
8,../../pulsedcm/target/release/pulsedcm-cli tmp/2_small_serie_MR ano --out anonymization --workers 25 --batch 25,0.08719515646,0.0041660752128942,0.08684082046,0.003759424,0.0125843999999999,0.08383696346,0.09407900746,2_small_serie_MR,5,,,,
9,../../pulsedcm/target/release/pulsedcm-cli tmp/2_small_serie_MR ano --out anonymization --workers 25 --batch 15,0.07876031406,0.0037481228796666,0.07742011946,0.001137024,0.0139169999999999,0.07559366346,0.08457676946,2_small_serie_MR,5,,,,
0,../../pulsedcm/target/release/pulsedcm-cli tmp/2_small_serie_MR ano --out anonymization,0.0806179749,0.0029827974877577,0.0796431757,0.00522032,0.010058712,0.0775466377,0.0848297097,2_small_serie_MR,6,,,,
1,../../pulsedcm/target/release/pulsedcm-cli tmp/2_small_serie_MR ano --out anonymization --workers 5 --batch 5,0.0872339385,0.0069800589299265,0.0878920697,0.00340812,0.0130342399999999,0.0778121647,0.0958136397,2_small_serie_MR,6,,,,
2,../../pulsedcm/target/release/pulsedcm-cli tmp/2_small_serie_MR ano --out anonymization --workers 5 --batch 15,0.0820465535,0.002255354001883,0.0808208447,0.00464212,0.011354712,0.0800835467,0.0850167057,2_small_serie_MR,6,,,,
3,../../pulsedcm/target/release/pulsedcm-cli tmp/2_small_serie_MR ano --out anonymization --workers 5 --batch 25,0.0799907201,0.0064429450012717,0.0779570847,0.004907696,0.01055984,0.0723286847,0.0886367667,2_small_serie_MR,6,,,,
4,../../pulsedcm/target/release/pulsedcm-cli tmp/2_small_serie_MR ano --out anonymization --workers 10 --batch 5,0.0819065641,0.0072991872692477,0.0779708127,0.003800896,0.012245912,0.0757714817,0.0931977197,2_small_serie_MR,6,,,,
5,../../pulsedcm/target/release/pulsedcm-cli tmp/2_small_serie_MR ano --out anonymization --workers 10 --batch 25,0.0844090571,0.0121893143303352,0.0772757257,0.00487052,0.01077784,0.0761340997,0.1045908637,2_small_serie_MR,6,,,,
6,../../pulsedcm/target/release/pulsedcm-cli tmp/2_small_serie_MR ano --out anonymization --workers 10 --batch 15,0.0820606193,0.0092827424768863,0.0792410397,0.00541472,0.01087524,0.0709690017,0.0938785677,2_small_serie_MR,6,,,,
7,../../pulsedcm/target/release/pulsedcm-cli tmp/2_small_serie_MR ano --out anonymization --workers 25 --batch 5,0.0764710611,0.0081167639929079,0.0736425097,0.00365812,0.01105724,0.0719653847,0.0909125597,2_small_serie_MR,6,,,,
8,../../pulsedcm/target/release/pulsedcm-cli tmp/2_small_serie_MR ano --out anonymization --workers 25 --batch 25,0.0795652033,0.003991808188495,0.0797102907,0.0046439199999999,0.01033924,0.0739149257,0.0838072097,2_small_serie_MR,6,,,,
9,../../pulsedcm/target/release/pulsedcm-cli tmp/2_small_serie_MR ano --out anonymization --workers 25 --batch 15,0.0826082413,0.0023491967416577,0.0827758217,0.0072777199999999,0.00937944,0.0794004067,0.0858976157,2_small_serie_MR,6,,,,
0,../../pulsedcm/target/release/pulsedcm-cli tmp/2_small_serie_MR ano --out anonymization,0.07773757794,0.004164006234692,0.07625325594,0.0048291399999999,0.00996162,0.07411238394,0.08491038294,2_small_serie_MR,7,,,,
1,../../pulsedcm/target/release/pulsedcm-cli tmp/2_small_serie_MR ano --out anonymization --workers 5 --batch 5,0.08462253954,0.008095120189546,0.08267346094,0.00689594,0.00948302,0.0766289309399999,0.09499080894,2_small_serie_MR,7,,,,
2,../../pulsedcm/target/release/pulsedcm-cli tmp/2_small_serie_MR ano --out anonymization --workers 5 --batch 15,0.07881476114,0.0054352731972218,0.07646703394,0.0027541399999999,0.01237422,0.07248811094,0.08524192894,2_small_serie_MR,7,,,,
3,../../pulsedcm/target/release/pulsedcm-cli tmp/2_small_serie_MR ano --out anonymization --workers 5 --batch 25,0.07796981234,0.0021213474680942,0.07842097794,0.0032145399999999,0.01176222,0.07545353894,0.08016415494,2_small_serie_MR,7,,,,
4,../../pulsedcm/target/release/pulsedcm-cli tmp/2_small_serie_MR ano --out anonymization --workers 10 --batch 5,0.07775174234,0.0064732962233821,0.07494935494,0.005103152,0.0097347759999999,0.07295628894,0.08879545794,2_small_serie_MR,7,,,,
5,../../pulsedcm/target/release/pulsedcm-cli tmp/2_small_serie_MR ano --out anonymization --workers 10 --batch 25,0.0792864229399999,0.0039051762170758,0.07786170594,0.0041885399999999,0.0108134199999999,0.07500729894,0.08413141094,2_small_serie_MR,7,,,,
6,../../pulsedcm/target/release/pulsedcm-cli tmp/2_small_serie_MR ano --out anonymization --workers 10 --batch 15,0.07816222074,0.0016856759864041,0.07766986394,0.003264952,0.0119742199999999,0.07671078294,0.08102513194,2_small_serie_MR,7,,,,
7,../../pulsedcm/target/release/pulsedcm-cli tmp/2_small_serie_MR ano --out anonymization --workers 25 --batch 5,0.0829865891399999,0.0057384422541482,0.08104147594,0.0017673399999999,0.01379902,0.07601562494,0.09000705894,2_small_serie_MR,7,,,,
8,../../pulsedcm/target/release/pulsedcm-cli tmp/2_small_serie_MR ano --out anonymization --workers 25 --batch 25,0.0775907631399999,0.00082035688013,0.07746155794,0.0012979399999999,0.0132024199999999,0.07657642194,0.0786908669399999,2_small_serie_MR,7,,,,
9,../../pulsedcm/target/release/pulsedcm-cli tmp/2_small_serie_MR ano --out anonymization --workers 25 --batch 15,0.0847915449399999,0.0070791927920912,0.08542363294,0.0037735399999999,0.0123458199999999,0.07706292694,0.09535066294,2_small_serie_MR,7,,,,
0,../../pulsedcm/target/release/pulsedcm-cli tmp/2_small_serie_MR ano --out anonymization,0.07795137184,0.0046510544057624,0.07534502784,0.0045353,0.009831424,0.07378592984,0.08448103084,2_small_serie_MR,8,,,,
1,../../pulsedcm/target/release/pulsedcm-cli tmp/2_small_serie_MR ano --out anonymization --workers 5 --batch 5,0.08763269084,0.0099772886092813,0.08703033184,0.0056235,0.01052378,0.07543689884,0.10207629484,2_small_serie_MR,8,,,,
2,../../pulsedcm/target/release/pulsedcm-cli tmp/2_small_serie_MR ano --out anonymization --workers 5 --batch 15,0.08015420984,0.0045169723829526,0.07795868784,0.00125284,0.01353318,0.07733806684,0.08800160484,2_small_serie_MR,8,,,,
3,../../pulsedcm/target/release/pulsedcm-cli tmp/2_small_serie_MR ano --out anonymization --workers 5 --batch 25,0.08165546124,0.0040604666158911,0.08361339484,0.00127598,0.0140857799999999,0.07695822884,0.08526187284,2_small_serie_MR,8,,,,
4,../../pulsedcm/target/release/pulsedcm-cli tmp/2_small_serie_MR ano --out anonymization --workers 10 --batch 5,0.08887860784,0.0098303164780593,0.08573417284,0.0034728999999999,0.0123345799999999,0.07817604884,0.10211434984,2_small_serie_MR,8,,,,
5,../../pulsedcm/target/release/pulsedcm-cli tmp/2_small_serie_MR ano --out anonymization --workers 10 --batch 25,0.09198551244,0.011043993272968,0.08757473284,0.0043393,0.0119057799999999,0.08405435984,0.11045058684,2_small_serie_MR,8,,,,
6,../../pulsedcm/target/release/pulsedcm-cli tmp/2_small_serie_MR ano --out anonymization --workers 10 --batch 15,0.08272644464,0.0030195846421972,0.08345255684,0.0023897,0.01344658,0.07872014284,0.08677624484,2_small_serie_MR,8,,,,
7,../../pulsedcm/target/release/pulsedcm-cli tmp/2_small_serie_MR ano --out anonymization --workers 25 --batch 5,0.09423780404,0.0086776905079401,0.08952480484,0.00277884,0.01423298,0.08635924984,0.10466293184,2_small_serie_MR,8,,,,
8,../../pulsedcm/target/release/pulsedcm-cli tmp/2_small_serie_MR ano --out anonymization --workers 25 --batch 25,0.08916233904,0.0074089103472457,0.08747545584,0.0031008999999999,0.0133705799999999,0.08407005384,0.10205467884,2_small_serie_MR,8,,,,
9,../../pulsedcm/target/release/pulsedcm-cli tmp/2_small_serie_MR ano --out anonymization --workers 25 --batch 15,0.08106259864,0.004054875572691,0.07844187284,0.0035593,0.0110701799999999,0.07762850884,0.08598641984,2_small_serie_MR,8,,,,
0,../../pulsedcm/target/release/pulsedcm-cli tmp/2_small_serie_MR ano --out anonymization,0.08869595294,0.0137116091981048,0.08894944034,0.0018847799999999,0.0143814799999999,0.07666853434,0.11049062034,2_small_serie_MR,9,,,,
1,../../pulsedcm/target/release/pulsedcm-cli tmp/2_small_serie_MR ano --out anonymization --workers 5 --batch 5,0.08339293534,0.0056258007694888,0.07976553434,0.0002498639999999,0.01525128,0.07856249334,0.09072089334,2_small_serie_MR,9,,,,
2,../../pulsedcm/target/release/pulsedcm-cli tmp/2_small_serie_MR ano --out anonymization --workers 5 --batch 15,0.08828816394,0.0038695425122458,0.08866746834,0.00506098,0.01237628,0.08292218534,0.09199510834,2_small_serie_MR,9,,,,
3,../../pulsedcm/target/release/pulsedcm-cli tmp/2_small_serie_MR ano --out anonymization --workers 5 --batch 25,0.08513697814,0.0052123731389926,0.08327738434,0.002284148,0.0138130799999999,0.07936209934,0.09293742134,2_small_serie_MR,9,,,,
4,../../pulsedcm/target/release/pulsedcm-cli tmp/2_small_serie_MR ano --out anonymization --workers 10 --batch 5,0.08071538414,0.0061297738296895,0.08047137034,0.00666138,0.009086624,0.07545690934,0.09060916734,2_small_serie_MR,9,,,,
5,../../pulsedcm/target/release/pulsedcm-cli tmp/2_small_serie_MR ano --out anonymization --workers 10 --batch 25,0.08060839234,0.006666037856287,0.07615041134,0.00309458,0.0114300799999999,0.07539301234,0.08971969034,2_small_serie_MR,9,,,,
6,../../pulsedcm/target/release/pulsedcm-cli tmp/2_small_serie_MR ano --out anonymization --workers 10 --batch 15,0.08146025374,0.0052803587559751,0.08029315034,0.0026819799999999,0.0123454799999999,0.07383266534,0.08697103734,2_small_serie_MR,9,,,,
7,../../pulsedcm/target/release/pulsedcm-cli tmp/2_small_serie_MR ano --out anonymization --workers 25 --batch 5,0.09235960174,0.02121317985745,0.08200645934,0.00719098,0.0087768239999999,0.07758511934,0.12889351534,2_small_serie_MR,9,,,,
8,../../pulsedcm/target/release/pulsedcm-cli tmp/2_small_serie_MR ano --out anonymization --workers 25 --batch 25,0.08757856854,0.0085672300351335,0.08546571634,0.00318158,0.0135016799999999,0.07879054934,0.09665718534,2_small_serie_MR,9,,,,
9,../../pulsedcm/target/release/pulsedcm-cli tmp/2_small_serie_MR ano --out anonymization --workers 25 --batch 15,0.09049091794,0.0092108860715062,0.08975030734,0.005674664,0.01058708,0.07910069534,0.10382827834,2_small_serie_MR,9,,,,
0,../../pulsedcm/target/release/pulsedcm-cli tmp/2_small_serie_MR ano --out anonymization,0.2011248287199999,0.0176622746868123,0.19464171492,0.10409958,0.0771898999999999,0.18366695192,0.22186398692,2_small_serie_MR,ano,,,,
1,../../pulsedcm/target/release/pulsedcm-cli tmp/2_small_serie_MR ano --out anonymization --action remove,0.22842623292,0.0144719962726279,0.23290331892,0.10952958,0.0964433,0.21056128692,0.24416290792,2_small_serie_MR,ano,,,,
2,../../pulsedcm/target/release/pulsedcm-cli tmp/2_small_serie_MR ano --out anonymization --action zero,0.21545411952,0.0305225834242264,0.22165910992,0.10150538,0.0801279,0.17730195092,0.25376058492,2_small_serie_MR,ano,,,,
3,../../pulsedcm/target/release/pulsedcm-cli tmp/2_small_serie_MR ano --out anonymization --policy basic,0.19573182472,0.0258243495303563,0.18120796192,0.1132119799999999,0.0677247,0.17818547292,0.23880559792,2_small_serie_MR,ano,,,,
4,../../pulsedcm/target/release/pulsedcm-cli tmp/2_small_serie_MR ano --out anonymization --policy strict,0.20877363732,0.0117328198725219,0.20505422492,0.12086878,0.0686526999999999,0.19878306592,0.22665130392,2_small_serie_MR,ano,,,,
5,../../pulsedcm/target/release/pulsedcm-cli tmp/2_small_serie_MR ano --out anonymization --action zero --policy basic,0.22365014932,0.0079490966315551,0.22447370792,0.1088455799999999,0.0745242999999999,0.21138860092,0.23346720692,2_small_serie_MR,ano,,,,
6,../../pulsedcm/target/release/pulsedcm-cli tmp/2_small_serie_MR ano --out anonymization --action remove --policy strict,0.22835244612,0.0128540212164781,0.22778082392,0.1156675799999999,0.0986364999999999,0.21286182892,0.24244220192,2_small_serie_MR,ano,,,,
7,"for f in tmp/2_small_serie_MR/*; do dcmodify -e ""(0010,0010)"" -e ""(0010,0020)"" -e ""(0010,0030)"" -e ""(0010,0040)"" -e ""(0010,1000)"" -e ""(0010,1001)"" -e ""(0010,1040)"" -e ""(0010,2160)"" -e ""(0010,4000)"" -e ""(0008,0090)"" -e ""(0008,0050)"" -e ""(0008,0080)"" -e ""(0008,0081)"" -e ""(0008,1040)"" -e ""(0008,1010)"" -e ""(0038,0010)"" -e ""(0032,1032)"" -e ""(0032,1060)"" -e ""(0032,1064)"" -e ""(0040,1001)"" -e ""(0040,1003)"" -e ""(0040,1400)"" -e ""(0008,009C)"" -e ""(0010,1060)"" -e ""(0040,0243)"" -e ""(0040,0242)"" -e ""(0040,0254)"" -e ""(0018,1000)"" -e ""(0020,4000)"" -e ""(4008,0114)"" $f ; done",3.932051564120001,0.2425551982431961,3.845913392920001,3.37817478,0.4322521,3.78866934592,4.36228726192,2_small_serie_MR,ano,,,,
8,"find tmp/2_small_serie_MR -type f -name ""*.dcm"" | parallel dcmodify -e ""\(0010,0010\)"" -e ""\(0010,0020\)"" -e ""\(0010,0030\)"" -e ""\(0010,0040\)"" -e ""\(0010,1000\)"" -e ""\(0010,1001\)"" -e ""\(0010,1040\)"" -e ""\(0010,2160\)"" -e ""\(0010,4000\)"" -e ""\(0008,0090\)"" -e ""\(0008,0050\)"" -e ""\(0008,0080\)"" -e ""\(0008,0081\)"" -e ""\(0008,1040\)"" -e ""\(0008,1010\)"" -e ""\(0038,0010\)"" -e ""\(0032,1032\)"" -e ""\(0032,1060\)"" -e ""\(0032,1064\)"" -e ""\(0040,1001\)"" -e ""\(0040,1003\)"" -e ""\(0040,1400\)"" -e ""\(0008,009C\)"" -e ""\(0010,1060\)"" -e ""\(0040,0243\)"" -e ""\(0040,0242\)"" -e ""\(0040,0254\)"" -e ""\(0018,1000\)"" -e ""\(0020,4000\)"" -e ""\(4008,0114\)"" {}",1.42666788092,0.0107498592762155,1.43146759092,2.09795398,0.4835793,1.41037177992,1.43562418192,2_small_serie_MR,ano,,,,
0,../../pulsedcm/target/release/pulsedcm-cli tmp/2_small_serie_MR tags all,0.02224603296,0.0005749370072447,0.02208374996,0.01949708,0.002536536,0.02176800296,0.02322172196,2_small_serie_MR,dump,,,,
1,../../pulsedcm/target/release/pulsedcm-cli tmp/2_small_serie_MR tags short,0.00937532876,0.0007783629895075,0.00942041596,0.00625528,0.0029645599999999,0.00864110196,0.01061006596,2_small_serie_MR,dump,,,,
2,"../../pulsedcm/target/release/pulsedcm-cli tmp/2_small_serie_MR tags PatientName,PatientID,Modality",0.01017559896,0.0006495758467985,0.00997431196,0.00735768,0.00268216,0.00963116396,0.01121330496,2_small_serie_MR,dump,,,,
3,../../pulsedcm/target/release/pulsedcm-cli tmp/2_small_serie_MR tags all --json pulse_json_csv/tags_all.json,0.01725182656,0.0003583928193244,0.01709328196,0.01326508,0.0037376479999999,0.01682999596,0.01763204096,2_small_serie_MR,dump,,,,
4,../../pulsedcm/target/release/pulsedcm-cli tmp/2_small_serie_MR tags all --csv pulse_json_csv/tags_all.csv,0.01711508116,0.0009307644108761,0.01717339396,0.0113694799999999,0.005586248,0.01571107896,0.01832968996,2_small_serie_MR,dump,,,,
5,for f in tmp/2_small_serie_MR/* ; do dcmdump +L all -M $f ; done,3.79124966876,0.0402328043567859,3.78246844196,3.37088968,0.40248636,3.75360969696,3.85454181296,2_small_serie_MR,dump,,,,
6,for f in tmp/2_small_serie_MR/* ; do dcmdump +L +P PatientName +P PatientID +P Modality $f; done,3.87040369336,0.0358362218447304,3.86723348596,3.4113030800000006,0.4438175599999999,3.83756914896,3.92966081696,2_small_serie_MR,dump,,,,
7,for f in tmp/2_small_serie_MR/* ; do dcmdump +L +P PatientName +P PatientID +P StudyDate $f; done,3.88973941876,0.0362642091738004,3.89868940196,3.46393868,0.40504656,3.83741968396,3.92444928196,2_small_serie_MR,dump,,,,
8,for f in tmp/2_small_serie_MR/* ; do dcm2json $f dcmtk_json_csv/$(basename $f).json ; done,3.96489045316,0.1243375277968085,3.91418555196,3.4941432800000003,0.4582589599999999,3.83712406996,4.13503905196,2_small_serie_MR,dump,,,,
9,"find tmp/2_small_serie_MR -type f -name ""*.dcm"" | parallel dcmdump +L all -M {}",1.31793784396,0.0058463833984736,1.31766609096,1.99094208,0.44827516,1.31148421196,1.32480757796,2_small_serie_MR,dump,,,,
0,../../pulsedcm/target/release/pulsedcm-cli tmp/2_small_serie_MR view,0.40219107296,0.0034192290635423,0.40269835256,0.27955038,0.12009672,0.39727686056,0.40670457256,2_small_serie_MR,view,,,,
1,../../pulsedcm/target/release/pulsedcm-cli tmp/2_small_serie_MR view --jobs 1,0.40100157156,0.0024972890129499,0.40152145056,0.27631278,0.1231203199999999,0.39851728556,0.40459408056,2_small_serie_MR,view,,,,
2,for f in tmp/2_small_serie_MR/* ; do dcmj2pnm +on +Wm  dcmtk_view/$(basename $f).png ;  done,4.26387267156,0.1030347018385204,4.22126531256,3.68033678,0.5643969199999999,4.18362268656,4.43575627456,2_small_serie_MR,view,,,,
3,"find tmp/2_small_serie_MR -type f -name ""*.dcm"" | parallel dcmj2pnm +on +Wm {} dcmtk_view/$(basename $f).png",2.18360528216,0.0074361322709148,2.18717225456,3.41879138,0.59847652,2.17391459656,2.19034399356,2_small_serie_MR,view,,,,
0,../../pulsedcm/target/release/pulsedcm-cli tmp/3_big_serie_CT ano --out anonymization,0.3924402895,0.0303210394843936,0.3843084857,0.01230112,0.05145038,0.3709554607,0.4446920987,3_big_serie_CT,0,,,,
1,../../pulsedcm/target/release/pulsedcm-cli tmp/3_big_serie_CT ano --out anonymization --workers 5 --batch 5,0.4048800565,0.0248640866360603,0.3980542097,0.0135229199999999,0.05440858,0.3832910107,0.4472508007,3_big_serie_CT,0,,,,
2,../../pulsedcm/target/release/pulsedcm-cli tmp/3_big_serie_CT ano --out anonymization --workers 5 --batch 15,0.4076071143,0.0171892818567999,0.4016785887,0.01822172,0.05225998,0.3898888747,0.4309683197,3_big_serie_CT,0,,,,
3,../../pulsedcm/target/release/pulsedcm-cli tmp/3_big_serie_CT ano --out anonymization --workers 5 --batch 25,0.4003712149,0.0296784128057926,0.3909362617,0.01177092,0.05595698,0.3712437827,0.4472985567,3_big_serie_CT,0,,,,
4,../../pulsedcm/target/release/pulsedcm-cli tmp/3_big_serie_CT ano --out anonymization --workers 10 --batch 5,0.4075162765,0.033664384923268,0.3952143827,0.0216713199999999,0.04975198,0.3780182947,0.4540125947,3_big_serie_CT,0,,,,
5,../../pulsedcm/target/release/pulsedcm-cli tmp/3_big_serie_CT ano --out anonymization --workers 10 --batch 25,0.4014844461,0.0159414126223916,0.4039493187,0.01840612,0.0477559799999999,0.3751062677,0.4174632027,3_big_serie_CT,0,,,,
6,../../pulsedcm/target/release/pulsedcm-cli tmp/3_big_serie_CT ano --out anonymization --workers 10 --batch 15,0.3949041509,0.0192192908232584,0.3963260697,0.01693632,0.05059498,0.3733901497,0.4152270237,3_big_serie_CT,0,,,,
7,../../pulsedcm/target/release/pulsedcm-cli tmp/3_big_serie_CT ano --out anonymization --workers 25 --batch 5,0.4358474647,0.0753422443115412,0.4066928467,0.0162131199999999,0.05502098,0.3747573147,0.5651830087,3_big_serie_CT,0,,,,
8,../../pulsedcm/target/release/pulsedcm-cli tmp/3_big_serie_CT ano --out anonymization --workers 25 --batch 25,0.3936489571,0.0443014531789598,0.3752274097,0.0284275199999999,0.03800098,0.3643965587,0.4711918497,3_big_serie_CT,0,,,,
9,../../pulsedcm/target/release/pulsedcm-cli tmp/3_big_serie_CT ano --out anonymization --workers 25 --batch 15,0.4014053183,0.0314935533055046,0.3850874077,0.0216253199999999,0.04418178,0.3730033417,0.4500639937,3_big_serie_CT,0,,,,
0,../../pulsedcm/target/release/pulsedcm-cli tmp/3_big_serie_CT ano --out anonymization,0.38968087178,0.0145603060060913,0.39711692638,0.01268544,0.0491517199999999,0.36923738538,0.40225261838,3_big_serie_CT,1,,,,
1,../../pulsedcm/target/release/pulsedcm-cli tmp/3_big_serie_CT ano --out anonymization --workers 5 --batch 5,0.41094964638,0.0322669966175404,0.40252574838,0.0239432399999999,0.0462673199999999,0.38300244638,0.46646635438,3_big_serie_CT,1,,,,
2,../../pulsedcm/target/release/pulsedcm-cli tmp/3_big_serie_CT ano --out anonymization --workers 5 --batch 15,0.39807489878,0.0216197057485087,0.39494443238,0.0224518399999999,0.0450051199999999,0.37289416538,0.43279148138,3_big_serie_CT,1,,,,
3,../../pulsedcm/target/release/pulsedcm-cli tmp/3_big_serie_CT ano --out anonymization --workers 5 --batch 25,0.38753875618,0.008019744669028,0.38589756938,0.01841324,0.0429621199999999,0.37801734838,0.39957006438,3_big_serie_CT,1,,,,
4,../../pulsedcm/target/release/pulsedcm-cli tmp/3_big_serie_CT ano --out anonymization --workers 10 --batch 5,0.41315960858,0.0175771250077925,0.41087708438,0.02299824,0.0496611199999999,0.39304778938,0.43989525138,3_big_serie_CT,1,,,,
5,../../pulsedcm/target/release/pulsedcm-cli tmp/3_big_serie_CT ano --out anonymization --workers 10 --batch 25,0.40457004158,0.0145120074156443,0.40577119838,0.02910444,0.0396597199999999,0.38228967238,0.42278897138,3_big_serie_CT,1,,,,
6,../../pulsedcm/target/release/pulsedcm-cli tmp/3_big_serie_CT ano --out anonymization --workers 10 --batch 15,0.39908457518,0.0182741163472804,0.39722222938,0.0235114399999999,0.04133572,0.37283611638,0.42230709938,3_big_serie_CT,1,,,,
7,../../pulsedcm/target/release/pulsedcm-cli tmp/3_big_serie_CT ano --out anonymization --workers 25 --batch 5,0.38402814438,0.0145618530582346,0.38097959238,0.0191842399999999,0.0449735199999999,0.36863265938,0.40808511138,3_big_serie_CT,1,,,,
8,../../pulsedcm/target/release/pulsedcm-cli tmp/3_big_serie_CT ano --out anonymization --workers 25 --batch 25,0.39424059478,0.017602381934658,0.39328405338,0.01575484,0.04937152,0.36878080038,0.41379594138,3_big_serie_CT,1,,,,
9,../../pulsedcm/target/release/pulsedcm-cli tmp/3_big_serie_CT ano --out anonymization --workers 25 --batch 15,0.40375475198,0.0178469729171131,0.40467354238,0.01923844,0.04914452,0.37524354538,0.41914171238,3_big_serie_CT,1,,,,
0,../../pulsedcm/target/release/pulsedcm-cli tmp/3_big_serie_CT ano --out anonymization,0.39789267986,0.0143172212193506,0.39497308646,0.0199617,0.0473968199999999,0.38414130746,0.42205163046,3_big_serie_CT,2,,,,
1,../../pulsedcm/target/release/pulsedcm-cli tmp/3_big_serie_CT ano --out anonymization --workers 5 --batch 5,0.38091226006,0.0196152864170629,0.37627220946,0.0175362999999999,0.0460638199999999,0.36288066146,0.41249367546,3_big_serie_CT,2,,,,
2,../../pulsedcm/target/release/pulsedcm-cli tmp/3_big_serie_CT ano --out anonymization --workers 5 --batch 15,0.40931145506,0.0419081991649936,0.39829926646,0.0233612999999999,0.0425754199999999,0.37895648146,0.48120650546,3_big_serie_CT,2,,,,
3,../../pulsedcm/target/release/pulsedcm-cli tmp/3_big_serie_CT ano --out anonymization --workers 5 --batch 25,0.40246201226,0.0551342784579043,0.37421615246,0.0260890999999999,0.03971022,0.35877956146,0.49449471946,3_big_serie_CT,2,,,,
4,../../pulsedcm/target/release/pulsedcm-cli tmp/3_big_serie_CT ano --out anonymization --workers 10 --batch 5,0.42504551366,0.016410943142115,0.43273951946,0.0171983,0.0580218199999999,0.39675852046,0.43587392546,3_big_serie_CT,2,,,,
5,../../pulsedcm/target/release/pulsedcm-cli tmp/3_big_serie_CT ano --out anonymization --workers 10 --batch 25,0.41948978786,0.0171467418962157,0.41161422346,0.0194499,0.0522408199999999,0.40085569346,0.44026146646,3_big_serie_CT,2,,,,
6,../../pulsedcm/target/release/pulsedcm-cli tmp/3_big_serie_CT ano --out anonymization --workers 10 --batch 15,0.41087354466,0.0282879526294201,0.40936259146,0.0269123,0.0427412199999999,0.38385404546,0.45355288646,3_big_serie_CT,2,,,,
7,../../pulsedcm/target/release/pulsedcm-cli tmp/3_big_serie_CT ano --out anonymization --workers 25 --batch 5,0.43230261486,0.0066924290664247,0.43159999946,0.0171701,0.0588876199999999,0.42289689446,0.44115367846,3_big_serie_CT,2,,,,
8,../../pulsedcm/target/release/pulsedcm-cli tmp/3_big_serie_CT ano --out anonymization --workers 25 --batch 25,0.40676996686,0.0237317318363427,0.41734936246,0.0202546999999999,0.0471332199999999,0.37992830646,0.43406204346,3_big_serie_CT,2,,,,
9,../../pulsedcm/target/release/pulsedcm-cli tmp/3_big_serie_CT ano --out anonymization --workers 25 --batch 15,0.49830131366,0.0977169155435663,0.43725142746,0.0291881,0.0467340199999999,0.41820365046,0.63681686346,3_big_serie_CT,2,,,,
0,../../pulsedcm/target/release/pulsedcm-cli tmp/3_big_serie_CT ano --out anonymization,0.85171029728,0.6033650265815603,0.62029045128,0.0299734799999999,0.06943848,0.48151498428,1.92468195828,3_big_serie_CT,3,,,,
1,../../pulsedcm/target/release/pulsedcm-cli tmp/3_big_serie_CT ano --out anonymization --workers 5 --batch 5,0.6038988804800001,0.0258368094249352,0.6182313432800001,0.0301088799999999,0.05570708,0.56028420128,0.6220332992800001,3_big_serie_CT,3,,,,
2,../../pulsedcm/target/release/pulsedcm-cli tmp/3_big_serie_CT ano --out anonymization --workers 5 --batch 15,0.5310774544800001,0.0371686173584253,0.5391443032800001,0.02151048,0.0568752799999999,0.47113766128,0.56930102528,3_big_serie_CT,3,,,,
3,../../pulsedcm/target/release/pulsedcm-cli tmp/3_big_serie_CT ano --out anonymization --workers 5 --batch 25,0.55106747728,0.0454997670888039,0.52978108128,0.02873588,0.05458248,0.51624130228,0.62170812628,3_big_serie_CT,3,,,,
4,../../pulsedcm/target/release/pulsedcm-cli tmp/3_big_serie_CT ano --out anonymization --workers 10 --batch 5,0.54194203128,0.0944347701465978,0.51929474228,0.0241570799999999,0.0581696799999999,0.44081207628,0.67529953728,3_big_serie_CT,3,,,,
5,../../pulsedcm/target/release/pulsedcm-cli tmp/3_big_serie_CT ano --out anonymization --workers 10 --batch 25,0.6271051250799999,0.1539160060098555,0.61843710328,0.0244216799999999,0.06482268,0.46283132628,0.7943743992800001,3_big_serie_CT,3,,,,
6,../../pulsedcm/target/release/pulsedcm-cli tmp/3_big_serie_CT ano --out anonymization --workers 10 --batch 15,0.72138659108,0.0691504665808018,0.74492499928,0.02969888,0.06886208,0.6149662232800001,0.7879693952800001,3_big_serie_CT,3,,,,
7,../../pulsedcm/target/release/pulsedcm-cli tmp/3_big_serie_CT ano --out anonymization --workers 25 --batch 5,0.68571032968,0.067652855699029,0.6895877392800001,0.0318792799999999,0.06347268,0.57752140228,0.74542702128,3_big_serie_CT,3,,,,
8,../../pulsedcm/target/release/pulsedcm-cli tmp/3_big_serie_CT ano --out anonymization --workers 25 --batch 25,0.7368636358800001,0.0406488426127485,0.71526478228,0.03231028,0.06603068,0.71117918028,0.80708662328,3_big_serie_CT,3,,,,
9,../../pulsedcm/target/release/pulsedcm-cli tmp/3_big_serie_CT ano --out anonymization --workers 25 --batch 15,0.6925720658800001,0.0580275390050678,0.72032277428,0.02751208,0.06457968,0.62310768728,0.7575369792800001,3_big_serie_CT,3,,,,
0,../../pulsedcm/target/release/pulsedcm-cli tmp/3_big_serie_CT ano --out anonymization,0.8704627243,0.1396840320188205,0.8367342459,0.0312177799999999,0.0798869599999999,0.7109960749,1.0764319749,3_big_serie_CT,4,,,,
1,../../pulsedcm/target/release/pulsedcm-cli tmp/3_big_serie_CT ano --out anonymization --workers 5 --batch 5,0.7176494091,0.0372078591126029,0.7203106599,0.0271837799999999,0.07178876,0.6730196409,0.7737346359,3_big_serie_CT,4,,,,
2,../../pulsedcm/target/release/pulsedcm-cli tmp/3_big_serie_CT ano --out anonymization --workers 5 --batch 15,0.6155026063,0.0831334152587008,0.6606211549,0.0265781799999999,0.0603517599999999,0.5118704019,0.6894327669,3_big_serie_CT,4,,,,
3,../../pulsedcm/target/release/pulsedcm-cli tmp/3_big_serie_CT ano --out anonymization --workers 5 --batch 25,0.6355797279,0.040684600605424,0.6490191879,0.03184938,0.0598113599999999,0.5706740809,0.6720374139,3_big_serie_CT,4,,,,
4,../../pulsedcm/target/release/pulsedcm-cli tmp/3_big_serie_CT ano --out anonymization --workers 10 --batch 5,0.6665337261000001,0.0284691077962849,0.6593617199,0.0364589799999999,0.0583933599999999,0.6292005379,0.7021883499,3_big_serie_CT,4,,,,
5,../../pulsedcm/target/release/pulsedcm-cli tmp/3_big_serie_CT ano --out anonymization --workers 10 --batch 25,0.6135205951,0.034066646572452,0.6105433269,0.02866018,0.0595037599999999,0.5761473829,0.6665525439,3_big_serie_CT,4,,,,
6,../../pulsedcm/target/release/pulsedcm-cli tmp/3_big_serie_CT ano --out anonymization --workers 10 --batch 15,0.6862204087,0.0129542894498234,0.6875723669,0.02438278,0.06922636,0.6716168569,0.6999011099,3_big_serie_CT,4,,,,
7,../../pulsedcm/target/release/pulsedcm-cli tmp/3_big_serie_CT ano --out anonymization --workers 25 --batch 5,0.6920523342999999,0.042972623229856,0.6822514429,0.0287507799999999,0.0670287599999999,0.6492298289,0.7638903509,3_big_serie_CT,4,,,,
8,../../pulsedcm/target/release/pulsedcm-cli tmp/3_big_serie_CT ano --out anonymization --workers 25 --batch 25,0.6706840689,0.0598630182720845,0.6630422539,0.0358509799999999,0.0631285599999999,0.6005709119,0.7538775419,3_big_serie_CT,4,,,,
9,../../pulsedcm/target/release/pulsedcm-cli tmp/3_big_serie_CT ano --out anonymization --workers 25 --batch 15,0.6824277944999999,0.057202574891106,0.7094502089,0.0308039799999999,0.06454736,0.6147640419,0.7388173959,3_big_serie_CT,4,,,,
0,../../pulsedcm/target/release/pulsedcm-cli tmp/3_big_serie_CT ano --out anonymization,0.62034853726,0.1027676522955809,0.66356802006,0.02601326,0.0586982599999999,0.44099173106,0.69550171606,3_big_serie_CT,5,,,,
1,../../pulsedcm/target/release/pulsedcm-cli tmp/3_big_serie_CT ano --out anonymization --workers 5 --batch 5,0.62248995046,0.0347387600509963,0.61577602406,0.02148346,0.07130906,0.5914595460600001,0.67499913706,3_big_serie_CT,5,,,,
2,../../pulsedcm/target/release/pulsedcm-cli tmp/3_big_serie_CT ano --out anonymization --workers 5 --batch 15,0.67957921666,0.0489407078922091,0.68796822806,0.03442846,0.0595940599999999,0.61943811406,0.74604289406,3_big_serie_CT,5,,,,
3,../../pulsedcm/target/release/pulsedcm-cli tmp/3_big_serie_CT ano --out anonymization --workers 5 --batch 25,0.67360267286,0.0273258149786684,0.6745928680600001,0.0365022599999999,0.0553120599999999,0.6420956880600001,0.70188773606,3_big_serie_CT,5,,,,
4,../../pulsedcm/target/release/pulsedcm-cli tmp/3_big_serie_CT ano --out anonymization --workers 10 --batch 5,0.6858874972600001,0.0583761155240825,0.66832869106,0.0300738599999999,0.06619686,0.61282699606,0.76372513006,3_big_serie_CT,5,,,,
5,../../pulsedcm/target/release/pulsedcm-cli tmp/3_big_serie_CT ano --out anonymization --workers 10 --batch 25,0.63861628546,0.0484062514063997,0.62522045406,0.03692246,0.0515166599999999,0.59686845006,0.72237372106,3_big_serie_CT,5,,,,
6,../../pulsedcm/target/release/pulsedcm-cli tmp/3_big_serie_CT ano --out anonymization --workers 10 --batch 15,0.66898488226,0.0323396795762222,0.66633953406,0.02076386,0.0689474599999999,0.63050603906,0.7196428340600001,3_big_serie_CT,5,,,,
7,../../pulsedcm/target/release/pulsedcm-cli tmp/3_big_serie_CT ano --out anonymization --workers 25 --batch 5,0.53054376046,0.0557208920224246,0.53435131506,0.02842366,0.05310846,0.45937853406,0.60385009806,3_big_serie_CT,5,,,,
8,../../pulsedcm/target/release/pulsedcm-cli tmp/3_big_serie_CT ano --out anonymization --workers 25 --batch 25,0.62855362846,0.1087283187323993,0.70446064206,0.0299670599999999,0.05877786,0.50102573506,0.71221114106,3_big_serie_CT,5,,,,
9,../../pulsedcm/target/release/pulsedcm-cli tmp/3_big_serie_CT ano --out anonymization --workers 25 --batch 15,0.68286656366,0.0492617121394611,0.67531646006,0.0307632599999999,0.06148846,0.63031574106,0.76289903406,3_big_serie_CT,5,,,,
0,../../pulsedcm/target/release/pulsedcm-cli tmp/3_big_serie_CT ano --out anonymization,0.68718351134,0.0795161885336854,0.65513369994,0.02158558,0.0706816399999999,0.61920487294,0.81445296694,3_big_serie_CT,6,,,,
1,../../pulsedcm/target/release/pulsedcm-cli tmp/3_big_serie_CT ano --out anonymization --workers 5 --batch 5,0.6545867253400001,0.0234782876719882,0.65387873594,0.02808258,0.06513164,0.62877145694,0.69022991594,3_big_serie_CT,6,,,,
2,../../pulsedcm/target/release/pulsedcm-cli tmp/3_big_serie_CT ano --out anonymization --workers 5 --batch 15,0.67319328914,0.0394474876717315,0.66959085394,0.0307613799999999,0.0594652399999999,0.61899450494,0.72255470294,3_big_serie_CT,6,,,,
3,../../pulsedcm/target/release/pulsedcm-cli tmp/3_big_serie_CT ano --out anonymization --workers 5 --batch 25,0.73277988514,0.0892215123416007,0.76066653494,0.02981278,0.06920724,0.60189735394,0.8089577799400001,3_big_serie_CT,6,,,,
4,../../pulsedcm/target/release/pulsedcm-cli tmp/3_big_serie_CT ano --out anonymization --workers 10 --batch 5,0.69002820874,0.0332276171327414,0.68444367094,0.03735338,0.0582912399999999,0.65475037894,0.74439320794,3_big_serie_CT,6,,,,
5,../../pulsedcm/target/release/pulsedcm-cli tmp/3_big_serie_CT ano --out anonymization --workers 10 --batch 25,0.67484199674,0.039907627050175,0.68434710494,0.02891498,0.06511024,0.62134362094,0.72742056994,3_big_serie_CT,6,,,,
6,../../pulsedcm/target/release/pulsedcm-cli tmp/3_big_serie_CT ano --out anonymization --workers 10 --batch 15,0.65817160494,0.0183881966225675,0.65546329694,0.0274245799999999,0.06380284,0.64064643594,0.68758814694,3_big_serie_CT,6,,,,
7,../../pulsedcm/target/release/pulsedcm-cli tmp/3_big_serie_CT ano --out anonymization --workers 25 --batch 5,0.66110904354,0.0286570306638057,0.64994574194,0.02436838,0.07066784,0.63468388294,0.69493295894,3_big_serie_CT,6,,,,
8,../../pulsedcm/target/release/pulsedcm-cli tmp/3_big_serie_CT ano --out anonymization --workers 25 --batch 25,0.61502818754,0.0833325936642258,0.63705190194,0.02397058,0.06436504,0.49227629094,0.7200003579400001,3_big_serie_CT,6,,,,
9,../../pulsedcm/target/release/pulsedcm-cli tmp/3_big_serie_CT ano --out anonymization --workers 25 --batch 15,0.8332494947399999,0.1108290252232468,0.83745073694,0.0373761799999999,0.07152604,0.7120319779400001,0.94786554194,3_big_serie_CT,6,,,,
0,../../pulsedcm/target/release/pulsedcm-cli tmp/3_big_serie_CT ano --out anonymization,0.7355096604,0.0500723794398406,0.707022451,0.0296871399999999,0.0678177399999999,0.689796619,0.796000657,3_big_serie_CT,7,,,,
1,../../pulsedcm/target/release/pulsedcm-cli tmp/3_big_serie_CT ano --out anonymization --workers 5 --batch 5,0.7309881198,0.043614312786855,0.741035259,0.03830994,0.06370894,0.670787827,0.78820652,3_big_serie_CT,7,,,,
2,../../pulsedcm/target/release/pulsedcm-cli tmp/3_big_serie_CT ano --out anonymization --workers 5 --batch 15,0.7110830396,0.0409743879825451,0.704464311,0.0253273399999999,0.07169874,0.657570221,0.7720024090000001,3_big_serie_CT,7,,,,
3,../../pulsedcm/target/release/pulsedcm-cli tmp/3_big_serie_CT ano --out anonymization --workers 5 --batch 25,0.6635874879999999,0.0333782165261946,0.679336277,0.03264954,0.06000594,0.605138994,0.685365955,3_big_serie_CT,7,,,,
4,../../pulsedcm/target/release/pulsedcm-cli tmp/3_big_serie_CT ano --out anonymization --workers 10 --batch 5,0.6765109257999999,0.0362102251509568,0.678051501,0.0244603399999999,0.06964314,0.630414529,0.726867452,3_big_serie_CT,7,,,,
5,../../pulsedcm/target/release/pulsedcm-cli tmp/3_big_serie_CT ano --out anonymization --workers 10 --batch 25,0.7581964272,0.0451114474051417,0.744535044,0.02465214,0.07489554,0.706291037,0.821207696,3_big_serie_CT,7,,,,
6,../../pulsedcm/target/release/pulsedcm-cli tmp/3_big_serie_CT ano --out anonymization --workers 10 --batch 15,0.6445942673999999,0.0788703737611013,0.643210636,0.02170374,0.0714427399999999,0.549806559,0.751588472,3_big_serie_CT,7,,,,
7,../../pulsedcm/target/release/pulsedcm-cli tmp/3_big_serie_CT ano --out anonymization --workers 25 --batch 5,0.6529725292,0.0238926528699937,0.647570306,0.03540594,0.05948214,0.623504507,0.679101422,3_big_serie_CT,7,,,,
8,../../pulsedcm/target/release/pulsedcm-cli tmp/3_big_serie_CT ano --out anonymization --workers 25 --batch 25,0.6615342206,0.0332745945098311,0.650666287,0.02732234,0.06532614,0.633148076,0.718447703,3_big_serie_CT,7,,,,
9,../../pulsedcm/target/release/pulsedcm-cli tmp/3_big_serie_CT ano --out anonymization --workers 25 --batch 15,0.7031817556,0.0385865853445778,0.708163961,0.0251251399999999,0.07075834,0.648290246,0.747915774,3_big_serie_CT,7,,,,
0,../../pulsedcm/target/release/pulsedcm-cli tmp/3_big_serie_CT ano --out anonymization,0.7319815736199999,0.048328087631002,0.74189893362,0.0289339799999999,0.06947376,0.67749470362,0.7836307636200001,3_big_serie_CT,8,,,,
1,../../pulsedcm/target/release/pulsedcm-cli tmp/3_big_serie_CT ano --out anonymization --workers 5 --batch 5,0.71825847422,0.1110518510906861,0.69279397662,0.0273175799999999,0.07263696,0.63136377962,0.91033628562,3_big_serie_CT,8,,,,
2,../../pulsedcm/target/release/pulsedcm-cli tmp/3_big_serie_CT ano --out anonymization --workers 5 --batch 15,0.67845253542,0.033722863137057,0.67853780262,0.0283871799999999,0.0667985599999999,0.63785325162,0.72485019562,3_big_serie_CT,8,,,,
3,../../pulsedcm/target/release/pulsedcm-cli tmp/3_big_serie_CT ano --out anonymization --workers 5 --batch 25,0.72750805262,0.0332515899250778,0.71107510962,0.03509858,0.06735376,0.69677545262,0.77932336162,3_big_serie_CT,8,,,,
4,../../pulsedcm/target/release/pulsedcm-cli tmp/3_big_serie_CT ano --out anonymization --workers 10 --batch 5,0.70159947542,0.0149044424085934,0.69834170262,0.0356963799999999,0.06240016,0.68200783562,0.71936141462,3_big_serie_CT,8,,,,
5,../../pulsedcm/target/release/pulsedcm-cli tmp/3_big_serie_CT ano --out anonymization --workers 10 --batch 25,0.7259317500200001,0.0406082812587081,0.71739598562,0.0300459799999999,0.06886076,0.66962632262,0.77345036662,3_big_serie_CT,8,,,,
6,../../pulsedcm/target/release/pulsedcm-cli tmp/3_big_serie_CT ano --out anonymization --workers 10 --batch 15,0.69178512482,0.041365584216055,0.7185550416200001,0.03234378,0.06397176,0.63917806362,0.72414145162,3_big_serie_CT,8,,,,
7,../../pulsedcm/target/release/pulsedcm-cli tmp/3_big_serie_CT ano --out anonymization --workers 25 --batch 5,0.7037575690200001,0.0529869202432239,0.68945794362,0.0268711799999999,0.07249096,0.64644193162,0.78357581262,3_big_serie_CT,8,,,,
8,../../pulsedcm/target/release/pulsedcm-cli tmp/3_big_serie_CT ano --out anonymization --workers 25 --batch 25,0.6064811772200001,0.1261608048621181,0.54886799962,0.0263505799999999,0.06299176,0.47346696262,0.74918392462,3_big_serie_CT,8,,,,
9,../../pulsedcm/target/release/pulsedcm-cli tmp/3_big_serie_CT ano --out anonymization --workers 25 --batch 15,0.47645681022,0.0278597281815661,0.46655471162,0.02183058,0.05428596,0.44904961062,0.51712598362,3_big_serie_CT,8,,,,
0,../../pulsedcm/target/release/pulsedcm-cli tmp/3_big_serie_CT ano --out anonymization,0.5686511062400001,0.1129097029250402,0.5113319956400001,0.02862828,0.05425438,0.45946993164,0.72645734764,3_big_serie_CT,9,,,,
1,../../pulsedcm/target/release/pulsedcm-cli tmp/3_big_serie_CT ano --out anonymization --workers 5 --batch 5,0.54464335924,0.0931700631953827,0.50072640164,0.02737588,0.0534625799999999,0.48517298164,0.7074583976400001,3_big_serie_CT,9,,,,
2,../../pulsedcm/target/release/pulsedcm-cli tmp/3_big_serie_CT ano --out anonymization --workers 5 --batch 15,0.6928066104400001,0.0487270114843667,0.71410017964,0.03325648,0.0625567799999999,0.63758872164,0.74395141464,3_big_serie_CT,9,,,,
3,../../pulsedcm/target/release/pulsedcm-cli tmp/3_big_serie_CT ano --out anonymization --workers 5 --batch 25,0.7027938352399999,0.0091869640777463,0.70174085864,0.03479848,0.05923178,0.6913673796400001,0.71431605464,3_big_serie_CT,9,,,,
4,../../pulsedcm/target/release/pulsedcm-cli tmp/3_big_serie_CT ano --out anonymization --workers 10 --batch 5,0.49929012904,0.0493312189788339,0.49082443564,0.0208516799999999,0.0597395799999999,0.43595016464,0.5730945366400001,3_big_serie_CT,9,,,,
5,../../pulsedcm/target/release/pulsedcm-cli tmp/3_big_serie_CT ano --out anonymization --workers 10 --batch 25,0.7048619154400001,0.0260735126522613,0.7058528646400001,0.03200648,0.06619158,0.67088110964,0.74319028464,3_big_serie_CT,9,,,,
6,../../pulsedcm/target/release/pulsedcm-cli tmp/3_big_serie_CT ano --out anonymization --workers 10 --batch 15,0.6884900862400001,0.01944103038073,0.6834437936400001,0.03351708,0.06399378,0.6706158256400001,0.71693811064,3_big_serie_CT,9,,,,
7,../../pulsedcm/target/release/pulsedcm-cli tmp/3_big_serie_CT ano --out anonymization --workers 25 --batch 5,0.72964640264,0.0409864198732364,0.7328541406400001,0.02960328,0.0719245799999999,0.66711332964,0.7816896606400001,3_big_serie_CT,9,,,,
8,../../pulsedcm/target/release/pulsedcm-cli tmp/3_big_serie_CT ano --out anonymization --workers 25 --batch 25,0.47938518104,0.0126478480806571,0.48002462464,0.03499748,0.0412157799999999,0.46597691764,0.49439513264,3_big_serie_CT,9,,,,
9,../../pulsedcm/target/release/pulsedcm-cli tmp/3_big_serie_CT ano --out anonymization --workers 25 --batch 15,0.6929031182400001,0.0514080605790399,0.6819212236400001,0.03290228,0.06228698,0.6386423816400001,0.7781138106400001,3_big_serie_CT,9,,,,
0,../../pulsedcm/target/release/pulsedcm-cli tmp/3_big_serie_CT ano --out anonymization,1.53134172288,0.0805658229196754,1.55067745128,0.66222918,0.5426683199999999,1.40032863328,1.6139427382800002,3_big_serie_CT,ano,,,,
1,../../pulsedcm/target/release/pulsedcm-cli tmp/3_big_serie_CT ano --out anonymization --action remove,1.47225235068,0.2249327046235515,1.43368653628,0.6903521799999999,0.51701252,1.22743674228,1.71662994528,3_big_serie_CT,ano,,,,
2,../../pulsedcm/target/release/pulsedcm-cli tmp/3_big_serie_CT ano --out anonymization --action zero,1.3352224634800005,0.0751604209223057,1.30058212828,0.65438918,0.5506695199999999,1.2583729542800002,1.42010989428,3_big_serie_CT,ano,,,,
3,../../pulsedcm/target/release/pulsedcm-cli tmp/3_big_serie_CT ano --out anonymization --policy basic,1.29651043928,0.0272322869628866,1.2799722372800002,0.67309058,0.51319572,1.27618540728,1.3385786272800002,3_big_serie_CT,ano,,,,
4,../../pulsedcm/target/release/pulsedcm-cli tmp/3_big_serie_CT ano --out anonymization --policy strict,1.3749416770800005,0.0822916663798835,1.32545357128,0.72501718,0.5194283199999999,1.30297221328,1.46645219228,3_big_serie_CT,ano,,,,
5,../../pulsedcm/target/release/pulsedcm-cli tmp/3_big_serie_CT ano --out anonymization --action zero --policy basic,1.29732763128,0.0582995107980658,1.25994204228,0.67674518,0.5061267199999999,1.2490337042800002,1.37697355328,3_big_serie_CT,ano,,,,
6,../../pulsedcm/target/release/pulsedcm-cli tmp/3_big_serie_CT ano --out anonymization --action remove --policy strict,1.39519990708,0.0560551023791758,1.39531598828,0.72673098,0.4571851199999999,1.3305620582800002,1.45285109028,3_big_serie_CT,ano,,,,
7,"for f in tmp/3_big_serie_CT/*; do dcmodify -e ""(0010,0010)"" -e ""(0010,0020)"" -e ""(0010,0030)"" -e ""(0010,0040)"" -e ""(0010,1000)"" -e ""(0010,1001)"" -e ""(0010,1040)"" -e ""(0010,2160)"" -e ""(0010,4000)"" -e ""(0008,0090)"" -e ""(0008,0050)"" -e ""(0008,0080)"" -e ""(0008,0081)"" -e ""(0008,1040)"" -e ""(0008,1010)"" -e ""(0038,0010)"" -e ""(0032,1032)"" -e ""(0032,1060)"" -e ""(0032,1064)"" -e ""(0040,1001)"" -e ""(0040,1003)"" -e ""(0040,1400)"" -e ""(0008,009C)"" -e ""(0010,1060)"" -e ""(0040,0243)"" -e ""(0040,0242)"" -e ""(0040,0254)"" -e ""(0018,1000)"" -e ""(0020,4000)"" -e ""(4008,0114)"" $f ; done",24.68142276628,0.0805228094740374,24.69980214428,21.78587898,2.77658912,24.57049829728,24.76150453728,3_big_serie_CT,ano,,,,
8,"find tmp/3_big_serie_CT -type f -name ""*.dcm"" | parallel dcmodify -e ""\(0010,0010\)"" -e ""\(0010,0020\)"" -e ""\(0010,0030\)"" -e ""\(0010,0040\)"" -e ""\(0010,1000\)"" -e ""\(0010,1001\)"" -e ""\(0010,1040\)"" -e ""\(0010,2160\)"" -e ""\(0010,4000\)"" -e ""\(0008,0090\)"" -e ""\(0008,0050\)"" -e ""\(0008,0080\)"" -e ""\(0008,0081\)"" -e ""\(0008,1040\)"" -e ""\(0008,1010\)"" -e ""\(0038,0010\)"" -e ""\(0032,1032\)"" -e ""\(0032,1060\)"" -e ""\(0032,1064\)"" -e ""\(0040,1001\)"" -e ""\(0040,1003\)"" -e ""\(0040,1400\)"" -e ""\(0008,009C\)"" -e ""\(0010,1060\)"" -e ""\(0040,0243\)"" -e ""\(0040,0242\)"" -e ""\(0040,0254\)"" -e ""\(0018,1000\)"" -e ""\(0020,4000\)"" -e ""\(4008,0114\)"" {}",8.46175868928,0.2727591805770325,8.26639512028,12.843348980000002,3.066077719999999,8.26460308028,8.81985159528,3_big_serie_CT,ano,,,,
0,../../pulsedcm/target/release/pulsedcm-cli tmp/3_big_serie_CT tags all,0.12043282694,0.0091995132125648,0.11714036954,0.1013256999999999,0.0180372,0.11153096354,0.13571575354,3_big_serie_CT,dump,,,,
1,../../pulsedcm/target/release/pulsedcm-cli tmp/3_big_serie_CT tags short,0.04092861794,0.0043877175172552,0.03920483254,0.0332651,0.0067367999999999,0.03590355454,0.04644374154,3_big_serie_CT,dump,,,,
2,"../../pulsedcm/target/release/pulsedcm-cli tmp/3_big_serie_CT tags PatientName,PatientID,Modality",0.0486792161399999,0.014226780451564,0.04387239554,0.0408787,0.0072515999999999,0.03934764354,0.07381620054,3_big_serie_CT,dump,,,,
3,../../pulsedcm/target/release/pulsedcm-cli tmp/3_big_serie_CT tags all --json pulse_json_csv/tags_all.json,0.07505291494,0.003988205541504,0.07508144554,0.0594059,0.0140863999999999,0.06923277154,0.07937839854,3_big_serie_CT,dump,,,,
4,../../pulsedcm/target/release/pulsedcm-cli tmp/3_big_serie_CT tags all --csv pulse_json_csv/tags_all.csv,0.07652068394,0.0049189991021292,0.07767423654,0.0600418999999999,0.0152502,0.06933364054,0.08220935254,3_big_serie_CT,dump,,,,
5,for f in tmp/3_big_serie_CT/* ; do dcmdump +L all -M $f ; done,24.33265105914,0.0487203259471747,24.32145080354,21.642411899999995,2.581604,24.27839210054,24.38879399754,3_big_serie_CT,dump,,,,
6,for f in tmp/3_big_serie_CT/* ; do dcmdump +L +P PatientName +P PatientID +P Modality $f; done,24.82057102074,0.084720257656626,24.84638972354,21.9468967,2.7698954,24.71061018854,24.92699257454,3_big_serie_CT,dump,,,,
7,for f in tmp/3_big_serie_CT/* ; do dcmdump +L +P PatientName +P PatientID +P StudyDate $f; done,24.86597786974,0.1427222794953923,24.94619063354,21.9976535,2.7632348,24.65541082254,24.97482686754,3_big_serie_CT,dump,,,,
8,for f in tmp/3_big_serie_CT/* ; do dcm2json $f dcmtk_json_csv/$(basename $f).json ; done,25.61111681454,0.3631471096316058,25.45658095754,22.7641067,2.764402,25.34553435854,26.20992357154,3_big_serie_CT,dump,,,,
9,"find tmp/3_big_serie_CT -type f -name ""*.dcm"" | parallel dcmdump +L all -M {}",7.81448904894,0.024845551633518,7.81175210154,12.475025699999998,2.5394222,7.78136117154,7.85104537454,3_big_serie_CT,dump,,,,
0,../../pulsedcm/target/release/pulsedcm-cli tmp/3_big_serie_CT view,1.2642771290200003,0.0538682079943858,1.24334202482,1.02051818,0.2256626599999999,1.23614549182,1.36038115082,3_big_serie_CT,view,,,,
1,../../pulsedcm/target/release/pulsedcm-cli tmp/3_big_serie_CT view --jobs 1,1.24967869802,0.0126896144403205,1.25492435682,1.01136238,0.23321286,1.2358746658200002,1.2645698278200002,3_big_serie_CT,view,,,,
2,for f in tmp/3_big_serie_CT/* ; do dcmj2pnm +on +Wm  dcmtk_view/$(basename $f).png ;  done,27.11873421902,0.1677732704706553,27.07859882482,23.50039838,3.5190848600000004,26.97076605382,27.36835826882,3_big_serie_CT,view,,,,
3,"find tmp/3_big_serie_CT -type f -name ""*.dcm"" | parallel dcmj2pnm +on +Wm {} dcmtk_view/$(basename $f).png",17.25853474922,0.0509082736820594,17.23672901582,29.72576278,3.58172526,17.210944248820002,17.32170572882,3_big_serie_CT,view,,,,
0,../../pulsedcm/target/release/pulsedcm-cli tmp/tesat.png ano --out anonymization,0.00094120142,0.0001615532056057,0.00084447642,0.0011262599999999,0.0,0.00081049342,0.00117842542,tesat.png_ano.csv,ano,,,,
1,../../pulsedcm/target/release/pulsedcm-cli tmp/tesat.png ano --out anonymization --action remove,0.00084516542,3.0228797983e-05,0.00084909542,0.0009378599999999,7.9644e-05,0.00081212742,0.00087876842,tesat.png_ano.csv,ano,,,,
2,../../pulsedcm/target/release/pulsedcm-cli tmp/tesat.png ano --out anonymization --action zero,0.00103653362,0.0002915893043575,0.00091560642,0.0004286359999999,0.000600532,0.00079480042,0.00153655542,tesat.png_ano.csv,ano,,,,
3,../../pulsedcm/target/release/pulsedcm-cli tmp/tesat.png ano --out anonymization --policy basic,0.00103512262,0.0002174797964873,0.00100860442,0.000814448,0.000269288,0.00085410642,0.00138530442,tesat.png_ano.csv,ano,,,,
4,../../pulsedcm/target/release/pulsedcm-cli tmp/tesat.png ano --out anonymization --policy strict,0.00095449562,0.0002691011732205,0.00084475642,0.0007260599999999,0.000373888,0.00080095342,0.00143240442,tesat.png_ano.csv,ano,,,,
5,../../pulsedcm/target/release/pulsedcm-cli tmp/tesat.png ano --out anonymization --action zero --policy basic,0.00087229482,7.29930681112e-05,0.00084686142,0.000727648,0.0002690879999999,0.00079689442,0.00097767842,tesat.png_ano.csv,ano,,,,
6,../../pulsedcm/target/release/pulsedcm-cli tmp/tesat.png ano --out anonymization --action remove --policy strict,0.00091604382,0.0001294857224998,0.00086081042,0.000893448,0.000192244,0.00082455342,0.00114296942,tesat.png_ano.csv,ano,,,,
7,"for f in tmp/tesat.png/*; do dcmodify -e ""(0010,0010)"" -e ""(0010,0020)"" -e ""(0010,0030)"" -e ""(0010,0040)"" -e ""(0010,1000)"" -e ""(0010,1001)"" -e ""(0010,1040)"" -e ""(0010,2160)"" -e ""(0010,4000)"" -e ""(0008,0090)"" -e ""(0008,0050)"" -e ""(0008,0080)"" -e ""(0008,0081)"" -e ""(0008,1040)"" -e ""(0008,1010)"" -e ""(0038,0010)"" -e ""(0032,1032)"" -e ""(0032,1060)"" -e ""(0032,1064)"" -e ""(0040,1001)"" -e ""(0040,1003)"" -e ""(0040,1400)"" -e ""(0008,009C)"" -e ""(0010,1060)"" -e ""(0040,0243)"" -e ""(0040,0242)"" -e ""(0040,0254)"" -e ""(0018,1000)"" -e ""(0020,4000)"" -e ""(4008,0114)"" $f ; done",0.02540126302,0.0008051333451263,0.02570815642,0.02149526,0.003655732,0.02396900342,0.02590596742,tesat.png_ano.csv,ano,,,,
8,"find tmp/tesat.png -type f -name ""*.dcm"" | parallel dcmodify -e ""(0010,0010)"" -e ""(0010,0020)"" -e ""(0010,0030)"" -e ""(0010,0040)"" -e ""(0010,1000)"" -e ""(0010,1001)"" -e ""(0010,1040)"" -e ""(0010,2160)"" -e ""(0010,4000)"" -e ""(0008,0090)"" -e ""(0008,0050)"" -e ""(0008,0080)"" -e ""(0008,0081)"" -e ""(0008,1040)"" -e ""(0008,1010)"" -e ""(0038,0010)"" -e ""(0032,1032)"" -e ""(0032,1060)"" -e ""(0032,1064)"" -e ""(0040,1001)"" -e ""(0040,1003)"" -e ""(0040,1400)"" -e ""(0008,009C)"" -e ""(0010,1060)"" -e ""(0040,0243)"" -e ""(0040,0242)"" -e ""(0040,0254)"" -e ""(0018,1000)"" -e ""(0020,4000)"" -e ""(4008,0114)"" {}",0.13024508342,0.0036014455622401,0.1322102954199999,0.11187266,0.0209690199999999,0.12409310342,0.13252619842,tesat.png_ano.csv,ano,,,,
0,../../pulsedcm/target/release/pulsedcm-cli tmp/tesat.png tags all,0.00128356768,0.0002731687364514,0.00123520968,0.00112948,0.0001318759999999,0.00104830268,0.00174155268,tesat.png_dump.csv,dump,,,,
1,../../pulsedcm/target/release/pulsedcm-cli tmp/tesat.png tags short,0.00121542528,0.0002706867166897,0.00112488568,0.00112148,0.000109476,0.00102804068,0.00169402168,tesat.png_dump.csv,dump,,,,
2,"../../pulsedcm/target/release/pulsedcm-cli tmp/tesat.png tags PatientName,PatientID,Modality",0.00109357288,3.58350649741e-05,0.00109395968,0.00082668,0.000314352,0.00104777168,0.00113085768,tesat.png_dump.csv,dump,,,,
3,../../pulsedcm/target/release/pulsedcm-cli tmp/tesat.png tags all --json pulse_json_csv/tags_all.json,0.00117828248,0.0001013563997347,0.00112300068,0.0009720799999999,0.000226076,0.00108707568,0.00131144068,tesat.png_dump.csv,dump,,,,
4,../../pulsedcm/target/release/pulsedcm-cli tmp/tesat.png tags all --csv pulse_json_csv/tags_all.csv,0.00137357068,0.0004516921224783,0.00116172368,0.00068328,0.0005942279999999,0.00112028568,0.00217605368,tesat.png_dump.csv,dump,,,,
5,for f in tmp/tesat.png/* ; do dcmdump +L all -M $f ; done,0.02457282548,0.0011975162570713,0.02387902068,0.02260268,0.0016804279999999,0.02357482568,0.02627282568,tesat.png_dump.csv,dump,,,,
6,for f in tmp/tesat.png/* ; do dcmdump +L +P PatientName +P PatientID +P Modality $f; done,0.02595211728,0.0012233532464927,0.02637613368,0.02169608,0.003927704,0.02386270568,0.02698881368,tesat.png_dump.csv,dump,,,,
7,for f in tmp/tesat.png/* ; do dcmdump +L +P PatientName +P PatientID +P StudyDate $f; done,0.0257225324799999,0.0010434019319009,0.02606353168,0.02380288,0.0016572279999999,0.02388471268,0.02639712768,tesat.png_dump.csv,dump,,,,
8,for f in tmp/tesat.png/* ; do dcm2json $f > dcmtk_js_csv/$(basename $f).json ; done,0.00078162568,0.0001907498598964,0.00067702568,0.0007620799999999,0.0,0.00063741168,0.00107781568,tesat.png_dump.csv,dump,,,,
9,"find tmp/tesat.png -type f -name ""*.dcm"" | parallel dcmdump +L all -M {}",0.11512696248,0.003888142105433,0.11611350668,0.09188688,0.02663078,0.10999908268,0.11930397668,tesat.png_dump.csv,dump,,,,
0,../../pulsedcm/target/release/pulsedcm-cli tmp/tesat.png view,0.00123389332,0.0002068607533736,0.00115016572,0.0008193599999999,0.0004219439999999,0.00105918272,0.00156505572,tesat.png_view.csv,view,,,,
1,../../pulsedcm/target/release/pulsedcm-cli tmp/tesat.png view --jobs 1,0.00106262592,4.95002288701e-05,0.00103727572,0.00113736,0.0,0.00101138172,0.00113130572,tesat.png_view.csv,view,,,,
2,for f in tmp/tesat.png/* ; do dcmj2pnm +on +Wm  dcmtk_view/$(basename $f).png ;  done,0.00698047832,0.0004044618677456,0.00683968772,0.00544176,0.0014766879999999,0.00660752472,0.00762956372,tesat.png_view.csv,view,,,,
3,"find tmp/tesat.png -type f -name ""*.dcm"" | parallel dcmj2pnm +on +Wm {} dcmtk_view/$(basename $f).png",0.11620527152,0.003484750430334,0.11819757172,0.0997913599999999,0.01964336,0.11218629672,0.11924384472,tesat.png_view.csv,view,,,,
0,../../pulsedcm/target/release/pulsedcm-cli tmp/1_one_big_image_MG ano --out anonymization,0.0109794933,0.0010688066210024,0.0109658985,0.0015221599999999,0.0026179,0.0099038895,0.0126469855,results.csv,results,0.0,,,
1,../../pulsedcm/target/release/pulsedcm-cli tmp/1_one_big_image_MG ano --out anonymization --workers 5 --batch 5,0.01029323702,0.0011307716856442,0.01033796542,0.0003288799999999,0.0034457,0.00900045542,0.01158923542,results.csv,results,0.0,,,
2,../../pulsedcm/target/release/pulsedcm-cli tmp/1_one_big_image_MG ano --out anonymization --workers 5 --batch 15,0.01065311216,0.0013845649471752,0.01039350216,0.0009594719999999,0.0029735799999999,0.00888515516,0.01237941316,results.csv,results,0.0,,,
3,../../pulsedcm/target/release/pulsedcm-cli tmp/1_one_big_image_MG ano --out anonymization --workers 5 --batch 25,0.01123729924,0.0024528118353572,0.00963588704,0.0015614999999999,0.002411776,0.00931314004,0.01460921404,results.csv,results,0.0,,,
4,../../pulsedcm/target/release/pulsedcm-cli tmp/1_one_big_image_MG ano --out anonymization --workers 10 --batch 5,0.0102691622,0.0012687854174215,0.0097207464,0.00103352,0.0028779599999999,0.0091034764,0.0120343014,results.csv,results,0.0,,,
5,../../pulsedcm/target/release/pulsedcm-cli tmp/1_one_big_image_MG ano --out anonymization --workers 10 --batch 25,0.0102572379199999,0.0004744521376143,0.01050194652,0.0016840999999999,0.002084884,0.00943976152,0.01056985452,results.csv,results,0.0,,,
6,../../pulsedcm/target/release/pulsedcm-cli tmp/1_one_big_image_MG ano --out anonymization --workers 10 --batch 15,0.01021036028,0.0013776020789907,0.00969951948,0.0018159,0.001973988,0.00874060348,0.01223316248,results.csv,results,0.0,,,
7,../../pulsedcm/target/release/pulsedcm-cli tmp/1_one_big_image_MG ano --out anonymization --workers 25 --batch 5,0.00978448632,0.00053881198734,0.00994988872,0.00156866,0.0021784079999999,0.00892163272,0.01031234772,results.csv,results,0.0,,,
8,../../pulsedcm/target/release/pulsedcm-cli tmp/1_one_big_image_MG ano --out anonymization --workers 25 --batch 25,0.0105483908,0.0015221838238643,0.0101628242,0.0018219599999999,0.0021536719999999,0.0091157192,0.0131141202,results.csv,results,0.0,,,
9,../../pulsedcm/target/release/pulsedcm-cli tmp/1_one_big_image_MG ano --out anonymization --workers 25 --batch 15,0.00955996644,0.0002425922717961,0.00946429864,0.00180462,0.0018314399999999,0.00930224664,0.00988625964,results.csv,results,0.0,,,
10,../../pulsedcm/target/release/pulsedcm-cli tmp/1_one_big_image_MG ano --out anonymization,0.35938602234,0.0448468395215033,0.37567580554,0.0199694799999999,0.12661188,0.29523299754,0.40783872554,results.csv,results,0.0,,,
11,../../pulsedcm/target/release/pulsedcm-cli tmp/1_one_big_image_MG ano --out anonymization --action remove,0.36979689614,0.0244053143746888,0.35540390254,0.0152882799999999,0.1339514799999999,0.34874264654,0.40337422854,results.csv,results,1.0,,,
12,../../pulsedcm/target/release/pulsedcm-cli tmp/1_one_big_image_MG ano --out anonymization --action zero,0.39548749094,0.0374007155340762,0.39811854854,0.01336708,0.13446428,0.35751920054,0.44748565154,results.csv,results,2.0,,,
13,../../pulsedcm/target/release/pulsedcm-cli tmp/1_one_big_image_MG ano --out anonymization --policy basic,0.3595934345400001,0.0296658875253487,0.36220083154,0.01961008,0.12697428,0.31970832254,0.39364802054,results.csv,results,3.0,,,
14,../../pulsedcm/target/release/pulsedcm-cli tmp/1_one_big_image_MG ano --out anonymization --policy strict,0.3656908399399999,0.0291287895498317,0.37519424954,0.02139048,0.12793868,0.31499905854,0.38988850354,results.csv,results,4.0,,,
15,../../pulsedcm/target/release/pulsedcm-cli tmp/1_one_big_image_MG ano --out anonymization --action zero --policy basic,0.38705622094,0.0177916162025027,0.38568353154,0.02079828,0.12741688,0.36549221454,0.40794738254,results.csv,results,5.0,,,
16,../../pulsedcm/target/release/pulsedcm-cli tmp/1_one_big_image_MG ano --out anonymization --action remove --policy strict,0.36852323234,0.033045457644749,0.35573161554,0.01198868,0.13730808,0.32961380954,0.41474254254,results.csv,results,6.0,,,
17,"for f in tmp/1_one_big_image_MG/*; do dcmodify -e ""(0010,0010)"" -e ""(0010,0020)"" -e ""(0010,0030)"" -e ""(0010,0040)"" -e ""(0010,1000)"" -e ""(0010,1001)"" -e ""(0010,1040)"" -e ""(0010,2160)"" -e ""(0010,4000)"" -e ""(0008,0090)"" -e ""(0008,0050)"" -e ""(0008,0080)"" -e ""(0008,0081)"" -e ""(0008,1040)"" -e ""(0008,1010)"" -e ""(0038,0010)"" -e ""(0032,1032)"" -e ""(0032,1060)"" -e ""(0032,1064)"" -e ""(0040,1001)"" -e ""(0040,1003)"" -e ""(0040,1400)"" -e ""(0008,009C)"" -e ""(0010,1060)"" -e ""(0040,0243)"" -e ""(0040,0242)"" -e ""(0040,0254)"" -e ""(0018,1000)"" -e ""(0020,4000)"" -e ""(4008,0114)"" $f ; done",0.06663594214,0.0013954172279409,0.06630316754,0.02453548,0.0385054799999999,0.06528148254,0.06867675854,results.csv,results,7.0,,,
18,"find tmp/1_one_big_image_MG -type f -name ""*.dcm"" | parallel dcmodify -e ""\(0010,0010\)"" -e ""\(0010,0020\)"" -e ""\(0010,0030\)"" -e ""\(0010,0040\)"" -e ""\(0010,1000\)"" -e ""\(0010,1001\)"" -e ""\(0010,1040\)"" -e ""\(0010,2160\)"" -e ""\(0010,4000\)"" -e ""\(0008,0090\)"" -e ""\(0008,0050\)"" -e ""\(0008,0080\)"" -e ""\(0008,0081\)"" -e ""\(0008,1040\)"" -e ""\(0008,1010\)"" -e ""\(0038,0010\)"" -e ""\(0032,1032\)"" -e ""\(0032,1060\)"" -e ""\(0032,1064\)"" -e ""\(0040,1001\)"" -e ""\(0040,1003\)"" -e ""\(0040,1400\)"" -e ""\(0008,009C\)"" -e ""\(0010,1060\)"" -e ""\(0040,0243\)"" -e ""\(0040,0242\)"" -e ""\(0040,0254\)"" -e ""\(0018,1000\)"" -e ""\(0020,4000\)"" -e ""\(4008,0114\)"" {}",0.20500097594,0.0032902544255271,0.20573468954,0.13826548,0.07058848,0.20117069754,0.20901822654,results.csv,results,8.0,,,
19,../../pulsedcm/target/release/pulsedcm-cli tmp/1_one_big_image_MG tags all,0.00547195336,0.0012332714517168,0.00550344456,0.001480312,0.003114112,0.00434009156,0.00744098656,results.csv,results,0.0,,,
20,../../pulsedcm/target/release/pulsedcm-cli tmp/1_one_big_image_MG tags short,0.00497731656,0.0007908654871155,0.00518277956,0.002457016,0.0022294839999999,0.00404085856,0.00587289056,results.csv,results,1.0,,,
21,"../../pulsedcm/target/release/pulsedcm-cli tmp/1_one_big_image_MG tags PatientName,PatientID,Modality",0.00476492636,0.0007687033935541,0.00445504756,0.00419792,0.0,0.00395716056,0.00566642156,results.csv,results,2.0,,,
22,../../pulsedcm/target/release/pulsedcm-cli tmp/1_one_big_image_MG tags all --json pulse_json_csv/tags_all.json,0.00478869896,0.0012234828003113,0.00438219156,0.00056132,0.00361534,0.00372743656,0.00657618556,results.csv,results,3.0,,,
23,../../pulsedcm/target/release/pulsedcm-cli tmp/1_one_big_image_MG tags all --csv pulse_json_csv/tags_all.csv,0.00583406716,0.0010907641417642,0.00573816656,0.0029166159999999,0.002274284,0.00427339556,0.00712113256,results.csv,results,4.0,,,
24,for f in tmp/1_one_big_image_MG/* ; do dcmdump +L all -M $f ; done,0.03426021056,0.0024565578373902,0.03368859456,0.02878192,0.003616712,0.03212539056,0.03833947956,results.csv,results,5.0,,,
25,for f in tmp/1_one_big_image_MG/* ; do dcmdump +L +P PatientName +P PatientID +P Modality $f; done,0.06517646716,0.0027805944407971,0.06457609456,0.02564652,0.03488914,0.06276663756,0.06993512456,results.csv,results,6.0,,,
26,for f in tmp/1_one_big_image_MG/* ; do dcmdump +L +P PatientName +P PatientID +P StudyDate $f; done,0.06476097716,0.0011598007919728,0.06516781656,0.02379372,0.03736794,0.06296054856,0.06583860156,results.csv,results,7.0,,,
27,for f in tmp/1_one_big_image_MG/* ; do dcm2json $f dcmtk_json_csv/$(basename $f).json ; done,0.02983789856,0.0016223042172139,0.02960333256,0.0256777199999999,0.002519084,0.02808861856,0.03237005456,results.csv,results,8.0,,,
28,"find tmp/1_one_big_image_MG -type f -name ""*.dcm"" | parallel dcmdump +L all -M {}",0.15285120296,0.006518728871594,0.15276566356,0.12893092,0.02818754,0.14519151456,0.16052566456,results.csv,results,9.0,,,
29,../../pulsedcm/target/release/pulsedcm-cli tmp/1_one_big_image_MG view,0.04547017826,0.0014083229611021,0.04593030226,0.0075173199999999,0.0342571,0.04334465126,0.04708001026,results.csv,results,0.0,,,
30,../../pulsedcm/target/release/pulsedcm-cli tmp/1_one_big_image_MG view --jobs 1,0.04449922286,0.0015885222033431,0.04474988726,0.00812252,0.0343527,0.04197095126,0.04624651626,results.csv,results,1.0,,,
31,for f in tmp/1_one_big_image_MG/* ; do dcmj2pnm +on +Wm  dcmtk_view/$(basename $f).png ;  done,0.03059001066,0.00099835912213,0.03062253826,0.02344632,0.0049561,0.02940517426,0.03194773426,results.csv,results,2.0,,,
32,"find tmp/1_one_big_image_MG -type f -name ""*.dcm"" | parallel dcmj2pnm +on +Wm {} dcmtk_view/$(basename $f).png",0.14914583066,0.0022203745634757,0.14985615026,0.12754732,0.0242865,0.14591680226,0.15146532226,results.csv,results,3.0,,,
33,../../pulsedcm/target/release/pulsedcm-cli tmp/2_small_serie_MR ano --out anonymization,0.08522589684,0.0042856305389903,0.08391539684,0.00355538,0.01168228,0.08109079584,0.09242466084,results.csv,results,0.0,,,
34,../../pulsedcm/target/release/pulsedcm-cli tmp/2_small_serie_MR ano --out anonymization --workers 5 --batch 5,0.0880273588599999,0.0045772630712259,0.08674013086,0.00232288,0.0140131,0.08251105986,0.09474199986,results.csv,results,0.0,,,
35,../../pulsedcm/target/release/pulsedcm-cli tmp/2_small_serie_MR ano --out anonymization --workers 5 --batch 15,0.08661778314,0.0057973559209257,0.08452617154,0.0054418,0.0104809999999999,0.08122054454,0.09625730554,results.csv,results,0.0,,,
36,../../pulsedcm/target/release/pulsedcm-cli tmp/2_small_serie_MR ano --out anonymization --workers 5 --batch 25,0.08291655166,0.0020435783696245,0.08314825406,0.0049596999999999,0.00993574,0.08017805506,0.08523498606,results.csv,results,0.0,,,
37,../../pulsedcm/target/release/pulsedcm-cli tmp/2_small_serie_MR ano --out anonymization --workers 10 --batch 5,0.08961278108,0.0018178684360202,0.09008504268,0.00342084,0.0131952799999999,0.08656305468,0.09141738468,results.csv,results,0.0,,,
38,../../pulsedcm/target/release/pulsedcm-cli tmp/2_small_serie_MR ano --out anonymization --workers 10 --batch 25,0.08596854076,0.0029738041435332,0.08599661816,0.00547598,0.01089886,0.08159431416,0.08874669016,results.csv,results,0.0,,,
39,../../pulsedcm/target/release/pulsedcm-cli tmp/2_small_serie_MR ano --out anonymization --workers 10 --batch 15,0.08204796854,0.0008472646525674,0.08234596674,0.0054232799999999,0.0101992599999999,0.08093851274,0.08290769574,results.csv,results,0.0,,,
40,../../pulsedcm/target/release/pulsedcm-cli tmp/2_small_serie_MR ano --out anonymization --workers 25 --batch 5,0.08581040464,0.0044020978249801,0.08370274184,0.0047684599999999,0.01180912,0.08197837784,0.09216378884,results.csv,results,0.0,,,
41,../../pulsedcm/target/release/pulsedcm-cli tmp/2_small_serie_MR ano --out anonymization --workers 25 --batch 25,0.08522989414,0.0036771459960759,0.08603682634,0.002149192,0.0130854399999999,0.07922062934,0.08895440534,results.csv,results,0.0,,,
42,../../pulsedcm/target/release/pulsedcm-cli tmp/2_small_serie_MR ano --out anonymization --workers 25 --batch 15,0.08883833838,0.008682409999214,0.08554988078,0.00304528,0.0132358399999999,0.07979708078,0.10221872578,results.csv,results,0.0,,,
43,../../pulsedcm/target/release/pulsedcm-cli tmp/2_small_serie_MR ano --out anonymization,0.2011248287199999,0.0176622746868123,0.19464171492,0.10409958,0.0771898999999999,0.18366695192,0.22186398692,results.csv,results,0.0,,,
44,../../pulsedcm/target/release/pulsedcm-cli tmp/2_small_serie_MR ano --out anonymization --action remove,0.22842623292,0.0144719962726279,0.23290331892,0.10952958,0.0964433,0.21056128692,0.24416290792,results.csv,results,1.0,,,
45,../../pulsedcm/target/release/pulsedcm-cli tmp/2_small_serie_MR ano --out anonymization --action zero,0.21545411952,0.0305225834242264,0.22165910992,0.10150538,0.0801279,0.17730195092,0.25376058492,results.csv,results,2.0,,,
46,../../pulsedcm/target/release/pulsedcm-cli tmp/2_small_serie_MR ano --out anonymization --policy basic,0.19573182472,0.0258243495303563,0.18120796192,0.1132119799999999,0.0677247,0.17818547292,0.23880559792,results.csv,results,3.0,,,
47,../../pulsedcm/target/release/pulsedcm-cli tmp/2_small_serie_MR ano --out anonymization --policy strict,0.20877363732,0.0117328198725219,0.20505422492,0.12086878,0.0686526999999999,0.19878306592,0.22665130392,results.csv,results,4.0,,,
48,../../pulsedcm/target/release/pulsedcm-cli tmp/2_small_serie_MR ano --out anonymization --action zero --policy basic,0.22365014932,0.0079490966315551,0.22447370792,0.1088455799999999,0.0745242999999999,0.21138860092,0.23346720692,results.csv,results,5.0,,,
49,../../pulsedcm/target/release/pulsedcm-cli tmp/2_small_serie_MR ano --out anonymization --action remove --policy strict,0.22835244612,0.0128540212164781,0.22778082392,0.1156675799999999,0.0986364999999999,0.21286182892,0.24244220192,results.csv,results,6.0,,,
50,"for f in tmp/2_small_serie_MR/*; do dcmodify -e ""(0010,0010)"" -e ""(0010,0020)"" -e ""(0010,0030)"" -e ""(0010,0040)"" -e ""(0010,1000)"" -e ""(0010,1001)"" -e ""(0010,1040)"" -e ""(0010,2160)"" -e ""(0010,4000)"" -e ""(0008,0090)"" -e ""(0008,0050)"" -e ""(0008,0080)"" -e ""(0008,0081)"" -e ""(0008,1040)"" -e ""(0008,1010)"" -e ""(0038,0010)"" -e ""(0032,1032)"" -e ""(0032,1060)"" -e ""(0032,1064)"" -e ""(0040,1001)"" -e ""(0040,1003)"" -e ""(0040,1400)"" -e ""(0008,009C)"" -e ""(0010,1060)"" -e ""(0040,0243)"" -e ""(0040,0242)"" -e ""(0040,0254)"" -e ""(0018,1000)"" -e ""(0020,4000)"" -e ""(4008,0114)"" $f ; done",3.932051564120001,0.2425551982431961,3.845913392920001,3.37817478,0.4322521,3.78866934592,4.36228726192,results.csv,results,7.0,,,
51,"find tmp/2_small_serie_MR -type f -name ""*.dcm"" | parallel dcmodify -e ""\(0010,0010\)"" -e ""\(0010,0020\)"" -e ""\(0010,0030\)"" -e ""\(0010,0040\)"" -e ""\(0010,1000\)"" -e ""\(0010,1001\)"" -e ""\(0010,1040\)"" -e ""\(0010,2160\)"" -e ""\(0010,4000\)"" -e ""\(0008,0090\)"" -e ""\(0008,0050\)"" -e ""\(0008,0080\)"" -e ""\(0008,0081\)"" -e ""\(0008,1040\)"" -e ""\(0008,1010\)"" -e ""\(0038,0010\)"" -e ""\(0032,1032\)"" -e ""\(0032,1060\)"" -e ""\(0032,1064\)"" -e ""\(0040,1001\)"" -e ""\(0040,1003\)"" -e ""\(0040,1400\)"" -e ""\(0008,009C\)"" -e ""\(0010,1060\)"" -e ""\(0040,0243\)"" -e ""\(0040,0242\)"" -e ""\(0040,0254\)"" -e ""\(0018,1000\)"" -e ""\(0020,4000\)"" -e ""\(4008,0114\)"" {}",1.42666788092,0.0107498592762155,1.43146759092,2.09795398,0.4835793,1.41037177992,1.43562418192,results.csv,results,8.0,,,
52,../../pulsedcm/target/release/pulsedcm-cli tmp/2_small_serie_MR tags all,0.02224603296,0.0005749370072447,0.02208374996,0.01949708,0.002536536,0.02176800296,0.02322172196,results.csv,results,0.0,,,
53,../../pulsedcm/target/release/pulsedcm-cli tmp/2_small_serie_MR tags short,0.00937532876,0.0007783629895075,0.00942041596,0.00625528,0.0029645599999999,0.00864110196,0.01061006596,results.csv,results,1.0,,,
54,"../../pulsedcm/target/release/pulsedcm-cli tmp/2_small_serie_MR tags PatientName,PatientID,Modality",0.01017559896,0.0006495758467985,0.00997431196,0.00735768,0.00268216,0.00963116396,0.01121330496,results.csv,results,2.0,,,
55,../../pulsedcm/target/release/pulsedcm-cli tmp/2_small_serie_MR tags all --json pulse_json_csv/tags_all.json,0.01725182656,0.0003583928193244,0.01709328196,0.01326508,0.0037376479999999,0.01682999596,0.01763204096,results.csv,results,3.0,,,
56,../../pulsedcm/target/release/pulsedcm-cli tmp/2_small_serie_MR tags all --csv pulse_json_csv/tags_all.csv,0.01711508116,0.0009307644108761,0.01717339396,0.0113694799999999,0.005586248,0.01571107896,0.01832968996,results.csv,results,4.0,,,
57,for f in tmp/2_small_serie_MR/* ; do dcmdump +L all -M $f ; done,3.79124966876,0.0402328043567859,3.78246844196,3.37088968,0.40248636,3.75360969696,3.85454181296,results.csv,results,5.0,,,
58,for f in tmp/2_small_serie_MR/* ; do dcmdump +L +P PatientName +P PatientID +P Modality $f; done,3.87040369336,0.0358362218447304,3.86723348596,3.4113030800000006,0.4438175599999999,3.83756914896,3.92966081696,results.csv,results,6.0,,,
59,for f in tmp/2_small_serie_MR/* ; do dcmdump +L +P PatientName +P PatientID +P StudyDate $f; done,3.88973941876,0.0362642091738004,3.89868940196,3.46393868,0.40504656,3.83741968396,3.92444928196,results.csv,results,7.0,,,
60,for f in tmp/2_small_serie_MR/* ; do dcm2json $f dcmtk_json_csv/$(basename $f).json ; done,3.96489045316,0.1243375277968085,3.91418555196,3.4941432800000003,0.4582589599999999,3.83712406996,4.13503905196,results.csv,results,8.0,,,
61,"find tmp/2_small_serie_MR -type f -name ""*.dcm"" | parallel dcmdump +L all -M {}",1.31793784396,0.0058463833984736,1.31766609096,1.99094208,0.44827516,1.31148421196,1.32480757796,results.csv,results,9.0,,,
62,../../pulsedcm/target/release/pulsedcm-cli tmp/2_small_serie_MR view,0.40219107296,0.0034192290635423,0.40269835256,0.27955038,0.12009672,0.39727686056,0.40670457256,results.csv,results,0.0,,,
63,../../pulsedcm/target/release/pulsedcm-cli tmp/2_small_serie_MR view --jobs 1,0.40100157156,0.0024972890129499,0.40152145056,0.27631278,0.1231203199999999,0.39851728556,0.40459408056,results.csv,results,1.0,,,
64,for f in tmp/2_small_serie_MR/* ; do dcmj2pnm +on +Wm  dcmtk_view/$(basename $f).png ;  done,4.26387267156,0.1030347018385204,4.22126531256,3.68033678,0.5643969199999999,4.18362268656,4.43575627456,results.csv,results,2.0,,,
65,"find tmp/2_small_serie_MR -type f -name ""*.dcm"" | parallel dcmj2pnm +on +Wm {} dcmtk_view/$(basename $f).png",2.18360528216,0.0074361322709148,2.18717225456,3.41879138,0.59847652,2.17391459656,2.19034399356,results.csv,results,3.0,,,
66,../../pulsedcm/target/release/pulsedcm-cli tmp/3_big_serie_CT ano --out anonymization,0.47111995858,0.0404843222108326,0.46894835578,0.0207716199999999,0.0538440399999999,0.43485507478,0.53733968878,results.csv,results,0.0,,,
67,../../pulsedcm/target/release/pulsedcm-cli tmp/3_big_serie_CT ano --out anonymization --workers 5 --batch 5,0.46036669202,0.0136546006057749,0.45720138522,0.01900284,0.05361662,0.44503877122,0.47872913022,results.csv,results,0.0,,,
68,../../pulsedcm/target/release/pulsedcm-cli tmp/3_big_serie_CT ano --out anonymization --workers 5 --batch 15,0.4738662197,0.0198568944502024,0.4667756821,0.0262673999999999,0.0500616599999999,0.4521936491,0.5040528341,results.csv,results,0.0,,,
69,../../pulsedcm/target/release/pulsedcm-cli tmp/3_big_serie_CT ano --out anonymization --workers 5 --batch 25,0.43222813094,0.0170160270939608,0.43155673654,0.01345882,0.05612718,0.41292983854,0.45794023254,results.csv,results,0.0,,,
70,../../pulsedcm/target/release/pulsedcm-cli tmp/3_big_serie_CT ano --out anonymization --workers 10 --batch 5,0.44351847522,0.0041507248199226,0.44454462322,0.03121518,0.04144942,0.43830087422,0.44925828122,results.csv,results,0.0,,,
71,../../pulsedcm/target/release/pulsedcm-cli tmp/3_big_serie_CT ano --out anonymization --workers 10 --batch 25,0.42437613008,0.0057594600100777,0.42572210428,0.0167055999999999,0.0500636199999999,0.41721460828,0.42978819228,results.csv,results,0.0,,,
72,../../pulsedcm/target/release/pulsedcm-cli tmp/3_big_serie_CT ano --out anonymization --workers 10 --batch 15,0.46237367798,0.0149185053994013,0.47040314918,0.0191965199999999,0.0572660199999999,0.44047761618,0.47395174818,results.csv,results,0.0,,,
73,../../pulsedcm/target/release/pulsedcm-cli tmp/3_big_serie_CT ano --out anonymization --workers 25 --batch 5,0.4555224649,0.0320627819170648,0.4356911233,0.02915738,0.04851734,0.4275266773,0.4999624453,results.csv,results,0.0,,,
74,../../pulsedcm/target/release/pulsedcm-cli tmp/3_big_serie_CT ano --out anonymization --workers 25 --batch 25,0.4467676140200001,0.0257402191306614,0.43643424242,0.0194145,0.0522459,0.42503208642,0.49068329342,results.csv,results,0.0,,,
75,../../pulsedcm/target/release/pulsedcm-cli tmp/3_big_serie_CT ano --out anonymization --workers 25 --batch 15,0.45543036032,0.0261761476903744,0.45322907932,0.02044714,0.0543648599999999,0.42916658132,0.49400436432,results.csv,results,0.0,,,
76,../../pulsedcm/target/release/pulsedcm-cli tmp/3_big_serie_CT ano --out anonymization,1.53134172288,0.0805658229196754,1.55067745128,0.66222918,0.5426683199999999,1.40032863328,1.6139427382800002,results.csv,results,0.0,,,
77,../../pulsedcm/target/release/pulsedcm-cli tmp/3_big_serie_CT ano --out anonymization --action remove,1.47225235068,0.2249327046235515,1.43368653628,0.6903521799999999,0.51701252,1.22743674228,1.71662994528,results.csv,results,1.0,,,
78,../../pulsedcm/target/release/pulsedcm-cli tmp/3_big_serie_CT ano --out anonymization --action zero,1.3352224634800005,0.0751604209223057,1.30058212828,0.65438918,0.5506695199999999,1.2583729542800002,1.42010989428,results.csv,results,2.0,,,
79,../../pulsedcm/target/release/pulsedcm-cli tmp/3_big_serie_CT ano --out anonymization --policy basic,1.29651043928,0.0272322869628866,1.2799722372800002,0.67309058,0.51319572,1.27618540728,1.3385786272800002,results.csv,results,3.0,,,
80,../../pulsedcm/target/release/pulsedcm-cli tmp/3_big_serie_CT ano --out anonymization --policy strict,1.3749416770800005,0.0822916663798835,1.32545357128,0.72501718,0.5194283199999999,1.30297221328,1.46645219228,results.csv,results,4.0,,,
81,../../pulsedcm/target/release/pulsedcm-cli tmp/3_big_serie_CT ano --out anonymization --action zero --policy basic,1.29732763128,0.0582995107980658,1.25994204228,0.67674518,0.5061267199999999,1.2490337042800002,1.37697355328,results.csv,results,5.0,,,
82,../../pulsedcm/target/release/pulsedcm-cli tmp/3_big_serie_CT ano --out anonymization --action remove --policy strict,1.39519990708,0.0560551023791758,1.39531598828,0.72673098,0.4571851199999999,1.3305620582800002,1.45285109028,results.csv,results,6.0,,,
83,"for f in tmp/3_big_serie_CT/*; do dcmodify -e ""(0010,0010)"" -e ""(0010,0020)"" -e ""(0010,0030)"" -e ""(0010,0040)"" -e ""(0010,1000)"" -e ""(0010,1001)"" -e ""(0010,1040)"" -e ""(0010,2160)"" -e ""(0010,4000)"" -e ""(0008,0090)"" -e ""(0008,0050)"" -e ""(0008,0080)"" -e ""(0008,0081)"" -e ""(0008,1040)"" -e ""(0008,1010)"" -e ""(0038,0010)"" -e ""(0032,1032)"" -e ""(0032,1060)"" -e ""(0032,1064)"" -e ""(0040,1001)"" -e ""(0040,1003)"" -e ""(0040,1400)"" -e ""(0008,009C)"" -e ""(0010,1060)"" -e ""(0040,0243)"" -e ""(0040,0242)"" -e ""(0040,0254)"" -e ""(0018,1000)"" -e ""(0020,4000)"" -e ""(4008,0114)"" $f ; done",24.68142276628,0.0805228094740374,24.69980214428,21.78587898,2.77658912,24.57049829728,24.76150453728,results.csv,results,7.0,,,
84,"find tmp/3_big_serie_CT -type f -name ""*.dcm"" | parallel dcmodify -e ""\(0010,0010\)"" -e ""\(0010,0020\)"" -e ""\(0010,0030\)"" -e ""\(0010,0040\)"" -e ""\(0010,1000\)"" -e ""\(0010,1001\)"" -e ""\(0010,1040\)"" -e ""\(0010,2160\)"" -e ""\(0010,4000\)"" -e ""\(0008,0090\)"" -e ""\(0008,0050\)"" -e ""\(0008,0080\)"" -e ""\(0008,0081\)"" -e ""\(0008,1040\)"" -e ""\(0008,1010\)"" -e ""\(0038,0010\)"" -e ""\(0032,1032\)"" -e ""\(0032,1060\)"" -e ""\(0032,1064\)"" -e ""\(0040,1001\)"" -e ""\(0040,1003\)"" -e ""\(0040,1400\)"" -e ""\(0008,009C\)"" -e ""\(0010,1060\)"" -e ""\(0040,0243\)"" -e ""\(0040,0242\)"" -e ""\(0040,0254\)"" -e ""\(0018,1000\)"" -e ""\(0020,4000\)"" -e ""\(4008,0114\)"" {}",8.46175868928,0.2727591805770325,8.26639512028,12.843348980000002,3.066077719999999,8.26460308028,8.81985159528,results.csv,results,8.0,,,
85,../../pulsedcm/target/release/pulsedcm-cli tmp/3_big_serie_CT tags all,0.12043282694,0.0091995132125648,0.11714036954,0.1013256999999999,0.0180372,0.11153096354,0.13571575354,results.csv,results,0.0,,,
86,../../pulsedcm/target/release/pulsedcm-cli tmp/3_big_serie_CT tags short,0.04092861794,0.0043877175172552,0.03920483254,0.0332651,0.0067367999999999,0.03590355454,0.04644374154,results.csv,results,1.0,,,
87,"../../pulsedcm/target/release/pulsedcm-cli tmp/3_big_serie_CT tags PatientName,PatientID,Modality",0.0486792161399999,0.014226780451564,0.04387239554,0.0408787,0.0072515999999999,0.03934764354,0.07381620054,results.csv,results,2.0,,,
88,../../pulsedcm/target/release/pulsedcm-cli tmp/3_big_serie_CT tags all --json pulse_json_csv/tags_all.json,0.07505291494,0.003988205541504,0.07508144554,0.0594059,0.0140863999999999,0.06923277154,0.07937839854,results.csv,results,3.0,,,
89,../../pulsedcm/target/release/pulsedcm-cli tmp/3_big_serie_CT tags all --csv pulse_json_csv/tags_all.csv,0.07652068394,0.0049189991021292,0.07767423654,0.0600418999999999,0.0152502,0.06933364054,0.08220935254,results.csv,results,4.0,,,
90,for f in tmp/3_big_serie_CT/* ; do dcmdump +L all -M $f ; done,24.33265105914,0.0487203259471747,24.32145080354,21.642411899999995,2.581604,24.27839210054,24.38879399754,results.csv,results,5.0,,,
91,for f in tmp/3_big_serie_CT/* ; do dcmdump +L +P PatientName +P PatientID +P Modality $f; done,24.82057102074,0.084720257656626,24.84638972354,21.9468967,2.7698954,24.71061018854,24.92699257454,results.csv,results,6.0,,,
92,for f in tmp/3_big_serie_CT/* ; do dcmdump +L +P PatientName +P PatientID +P StudyDate $f; done,24.86597786974,0.1427222794953923,24.94619063354,21.9976535,2.7632348,24.65541082254,24.97482686754,results.csv,results,7.0,,,
93,for f in tmp/3_big_serie_CT/* ; do dcm2json $f dcmtk_json_csv/$(basename $f).json ; done,25.61111681454,0.3631471096316058,25.45658095754,22.7641067,2.764402,25.34553435854,26.20992357154,results.csv,results,8.0,,,
94,"find tmp/3_big_serie_CT -type f -name ""*.dcm"" | parallel dcmdump +L all -M {}",7.81448904894,0.024845551633518,7.81175210154,12.475025699999998,2.5394222,7.78136117154,7.85104537454,results.csv,results,9.0,,,
95,../../pulsedcm/target/release/pulsedcm-cli tmp/3_big_serie_CT view,1.2642771290200003,0.0538682079943858,1.24334202482,1.02051818,0.2256626599999999,1.23614549182,1.36038115082,results.csv,results,0.0,,,
96,../../pulsedcm/target/release/pulsedcm-cli tmp/3_big_serie_CT view --jobs 1,1.24967869802,0.0126896144403205,1.25492435682,1.01136238,0.23321286,1.2358746658200002,1.2645698278200002,results.csv,results,1.0,,,
97,for f in tmp/3_big_serie_CT/* ; do dcmj2pnm +on +Wm  dcmtk_view/$(basename $f).png ;  done,27.11873421902,0.1677732704706553,27.07859882482,23.50039838,3.5190848600000004,26.97076605382,27.36835826882,results.csv,results,2.0,,,
98,"find tmp/3_big_serie_CT -type f -name ""*.dcm"" | parallel dcmj2pnm +on +Wm {} dcmtk_view/$(basename $f).png",17.25853474922,0.0509082736820594,17.23672901582,29.72576278,3.58172526,17.210944248820002,17.32170572882,results.csv,results,3.0,,,
99,../../pulsedcm/target/release/pulsedcm-cli tmp/tesat.png ano --out anonymization,0.00094120142,0.0001615532056057,0.00084447642,0.0011262599999999,0.0,0.00081049342,0.00117842542,results.csv,results,0.0,,,
100,../../pulsedcm/target/release/pulsedcm-cli tmp/tesat.png ano --out anonymization --action remove,0.00084516542,3.0228797983e-05,0.00084909542,0.0009378599999999,7.9644e-05,0.00081212742,0.00087876842,results.csv,results,1.0,,,
101,../../pulsedcm/target/release/pulsedcm-cli tmp/tesat.png ano --out anonymization --action zero,0.00103653362,0.0002915893043575,0.00091560642,0.0004286359999999,0.000600532,0.00079480042,0.00153655542,results.csv,results,2.0,,,
102,../../pulsedcm/target/release/pulsedcm-cli tmp/tesat.png ano --out anonymization --policy basic,0.00103512262,0.0002174797964873,0.00100860442,0.000814448,0.000269288,0.00085410642,0.00138530442,results.csv,results,3.0,,,
103,../../pulsedcm/target/release/pulsedcm-cli tmp/tesat.png ano --out anonymization --policy strict,0.00095449562,0.0002691011732205,0.00084475642,0.0007260599999999,0.000373888,0.00080095342,0.00143240442,results.csv,results,4.0,,,
104,../../pulsedcm/target/release/pulsedcm-cli tmp/tesat.png ano --out anonymization --action zero --policy basic,0.00087229482,7.29930681112e-05,0.00084686142,0.000727648,0.0002690879999999,0.00079689442,0.00097767842,results.csv,results,5.0,,,
105,../../pulsedcm/target/release/pulsedcm-cli tmp/tesat.png ano --out anonymization --action remove --policy strict,0.00091604382,0.0001294857224998,0.00086081042,0.000893448,0.000192244,0.00082455342,0.00114296942,results.csv,results,6.0,,,
106,"for f in tmp/tesat.png/*; do dcmodify -e ""(0010,0010)"" -e ""(0010,0020)"" -e ""(0010,0030)"" -e ""(0010,0040)"" -e ""(0010,1000)"" -e ""(0010,1001)"" -e ""(0010,1040)"" -e ""(0010,2160)"" -e ""(0010,4000)"" -e ""(0008,0090)"" -e ""(0008,0050)"" -e ""(0008,0080)"" -e ""(0008,0081)"" -e ""(0008,1040)"" -e ""(0008,1010)"" -e ""(0038,0010)"" -e ""(0032,1032)"" -e ""(0032,1060)"" -e ""(0032,1064)"" -e ""(0040,1001)"" -e ""(0040,1003)"" -e ""(0040,1400)"" -e ""(0008,009C)"" -e ""(0010,1060)"" -e ""(0040,0243)"" -e ""(0040,0242)"" -e ""(0040,0254)"" -e ""(0018,1000)"" -e ""(0020,4000)"" -e ""(4008,0114)"" $f ; done",0.02540126302,0.0008051333451263,0.02570815642,0.02149526,0.003655732,0.02396900342,0.02590596742,results.csv,results,7.0,,,
107,"find tmp/tesat.png -type f -name ""*.dcm"" | parallel dcmodify -e ""(0010,0010)"" -e ""(0010,0020)"" -e ""(0010,0030)"" -e ""(0010,0040)"" -e ""(0010,1000)"" -e ""(0010,1001)"" -e ""(0010,1040)"" -e ""(0010,2160)"" -e ""(0010,4000)"" -e ""(0008,0090)"" -e ""(0008,0050)"" -e ""(0008,0080)"" -e ""(0008,0081)"" -e ""(0008,1040)"" -e ""(0008,1010)"" -e ""(0038,0010)"" -e ""(0032,1032)"" -e ""(0032,1060)"" -e ""(0032,1064)"" -e ""(0040,1001)"" -e ""(0040,1003)"" -e ""(0040,1400)"" -e ""(0008,009C)"" -e ""(0010,1060)"" -e ""(0040,0243)"" -e ""(0040,0242)"" -e ""(0040,0254)"" -e ""(0018,1000)"" -e ""(0020,4000)"" -e ""(4008,0114)"" {}",0.13024508342,0.0036014455622401,0.1322102954199999,0.11187266,0.0209690199999999,0.12409310342,0.13252619842,results.csv,results,8.0,,,
108,../../pulsedcm/target/release/pulsedcm-cli tmp/tesat.png tags all,0.00128356768,0.0002731687364514,0.00123520968,0.00112948,0.0001318759999999,0.00104830268,0.00174155268,results.csv,results,0.0,,,
109,../../pulsedcm/target/release/pulsedcm-cli tmp/tesat.png tags short,0.00121542528,0.0002706867166897,0.00112488568,0.00112148,0.000109476,0.00102804068,0.00169402168,results.csv,results,1.0,,,
110,"../../pulsedcm/target/release/pulsedcm-cli tmp/tesat.png tags PatientName,PatientID,Modality",0.00109357288,3.58350649741e-05,0.00109395968,0.00082668,0.000314352,0.00104777168,0.00113085768,results.csv,results,2.0,,,
111,../../pulsedcm/target/release/pulsedcm-cli tmp/tesat.png tags all --json pulse_json_csv/tags_all.json,0.00117828248,0.0001013563997347,0.00112300068,0.0009720799999999,0.000226076,0.00108707568,0.00131144068,results.csv,results,3.0,,,
112,../../pulsedcm/target/release/pulsedcm-cli tmp/tesat.png tags all --csv pulse_json_csv/tags_all.csv,0.00137357068,0.0004516921224783,0.00116172368,0.00068328,0.0005942279999999,0.00112028568,0.00217605368,results.csv,results,4.0,,,
113,for f in tmp/tesat.png/* ; do dcmdump +L all -M $f ; done,0.02457282548,0.0011975162570713,0.02387902068,0.02260268,0.0016804279999999,0.02357482568,0.02627282568,results.csv,results,5.0,,,
114,for f in tmp/tesat.png/* ; do dcmdump +L +P PatientName +P PatientID +P Modality $f; done,0.02595211728,0.0012233532464927,0.02637613368,0.02169608,0.003927704,0.02386270568,0.02698881368,results.csv,results,6.0,,,
115,for f in tmp/tesat.png/* ; do dcmdump +L +P PatientName +P PatientID +P StudyDate $f; done,0.0257225324799999,0.0010434019319009,0.02606353168,0.02380288,0.0016572279999999,0.02388471268,0.02639712768,results.csv,results,7.0,,,
116,for f in tmp/tesat.png/* ; do dcm2json $f > dcmtk_js_csv/$(basename $f).json ; done,0.00078162568,0.0001907498598964,0.00067702568,0.0007620799999999,0.0,0.00063741168,0.00107781568,results.csv,results,8.0,,,
117,"find tmp/tesat.png -type f -name ""*.dcm"" | parallel dcmdump +L all -M {}",0.11512696248,0.003888142105433,0.11611350668,0.09188688,0.02663078,0.10999908268,0.11930397668,results.csv,results,9.0,,,
118,../../pulsedcm/target/release/pulsedcm-cli tmp/tesat.png view,0.00123389332,0.0002068607533736,0.00115016572,0.0008193599999999,0.0004219439999999,0.00105918272,0.00156505572,results.csv,results,0.0,,,
119,../../pulsedcm/target/release/pulsedcm-cli tmp/tesat.png view --jobs 1,0.00106262592,4.95002288701e-05,0.00103727572,0.00113736,0.0,0.00101138172,0.00113130572,results.csv,results,1.0,,,
120,for f in tmp/tesat.png/* ; do dcmj2pnm +on +Wm  dcmtk_view/$(basename $f).png ;  done,0.00698047832,0.0004044618677456,0.00683968772,0.00544176,0.0014766879999999,0.00660752472,0.00762956372,results.csv,results,2.0,,,
121,"find tmp/tesat.png -type f -name ""*.dcm"" | parallel dcmj2pnm +on +Wm {} dcmtk_view/$(basename $f).png",0.11620527152,0.003484750430334,0.11819757172,0.0997913599999999,0.01964336,0.11218629672,0.11924384472,results.csv,results,3.0,,,
122,../../pulsedcm/target/release/pulsedcm-cli tmp/1_one_big_image_MG ano --out anonymization,0.01073451554,0.0011822700788884,0.01076182354,0.00176316,0.002243008,0.00908423054,0.01227062454,results.csv,results,0.0,0.0,,
123,../../pulsedcm/target/release/pulsedcm-cli tmp/1_one_big_image_MG ano --out anonymization --action remove,0.0068868364,0.0003707965918825,0.0070065326,0.00134612,0.001707704,0.0063389346,0.0072854816,results.csv,results,1.0,0.0,,
124,../../pulsedcm/target/release/pulsedcm-cli tmp/1_one_big_image_MG ano --out anonymization,0.35938602234,0.0448468395215033,0.37567580554,0.0199694799999999,0.12661188,0.29523299754,0.40783872554,results.csv,results,2.0,0.0,,
125,../../pulsedcm/target/release/pulsedcm-cli tmp/1_one_big_image_MG ano --out anonymization --action remove,0.36979689614,0.0244053143746888,0.35540390254,0.0152882799999999,0.1339514799999999,0.34874264654,0.40337422854,results.csv,results,3.0,1.0,,
126,../../pulsedcm/target/release/pulsedcm-cli tmp/1_one_big_image_MG ano --out anonymization --action zero,0.39548749094,0.0374007155340762,0.39811854854,0.01336708,0.13446428,0.35751920054,0.44748565154,results.csv,results,4.0,2.0,,
127,../../pulsedcm/target/release/pulsedcm-cli tmp/1_one_big_image_MG ano --out anonymization --policy basic,0.3595934345400001,0.0296658875253487,0.36220083154,0.01961008,0.12697428,0.31970832254,0.39364802054,results.csv,results,5.0,3.0,,
128,../../pulsedcm/target/release/pulsedcm-cli tmp/1_one_big_image_MG ano --out anonymization --policy strict,0.3656908399399999,0.0291287895498317,0.37519424954,0.02139048,0.12793868,0.31499905854,0.38988850354,results.csv,results,6.0,4.0,,
129,../../pulsedcm/target/release/pulsedcm-cli tmp/1_one_big_image_MG ano --out anonymization --action zero --policy basic,0.38705622094,0.0177916162025027,0.38568353154,0.02079828,0.12741688,0.36549221454,0.40794738254,results.csv,results,7.0,5.0,,
130,../../pulsedcm/target/release/pulsedcm-cli tmp/1_one_big_image_MG ano --out anonymization --action remove --policy strict,0.36852323234,0.033045457644749,0.35573161554,0.01198868,0.13730808,0.32961380954,0.41474254254,results.csv,results,8.0,6.0,,
131,"for f in tmp/1_one_big_image_MG/*; do dcmodify -e ""(0010,0010)"" -e ""(0010,0020)"" -e ""(0010,0030)"" -e ""(0010,0040)"" -e ""(0010,1000)"" -e ""(0010,1001)"" -e ""(0010,1040)"" -e ""(0010,2160)"" -e ""(0010,4000)"" -e ""(0008,0090)"" -e ""(0008,0050)"" -e ""(0008,0080)"" -e ""(0008,0081)"" -e ""(0008,1040)"" -e ""(0008,1010)"" -e ""(0038,0010)"" -e ""(0032,1032)"" -e ""(0032,1060)"" -e ""(0032,1064)"" -e ""(0040,1001)"" -e ""(0040,1003)"" -e ""(0040,1400)"" -e ""(0008,009C)"" -e ""(0010,1060)"" -e ""(0040,0243)"" -e ""(0040,0242)"" -e ""(0040,0254)"" -e ""(0018,1000)"" -e ""(0020,4000)"" -e ""(4008,0114)"" $f ; done",0.06663594214,0.0013954172279409,0.06630316754,0.02453548,0.0385054799999999,0.06528148254,0.06867675854,results.csv,results,9.0,7.0,,
132,"find tmp/1_one_big_image_MG -type f -name ""*.dcm"" | parallel dcmodify -e ""\(0010,0010\)"" -e ""\(0010,0020\)"" -e ""\(0010,0030\)"" -e ""\(0010,0040\)"" -e ""\(0010,1000\)"" -e ""\(0010,1001\)"" -e ""\(0010,1040\)"" -e ""\(0010,2160\)"" -e ""\(0010,4000\)"" -e ""\(0008,0090\)"" -e ""\(0008,0050\)"" -e ""\(0008,0080\)"" -e ""\(0008,0081\)"" -e ""\(0008,1040\)"" -e ""\(0008,1010\)"" -e ""\(0038,0010\)"" -e ""\(0032,1032\)"" -e ""\(0032,1060\)"" -e ""\(0032,1064\)"" -e ""\(0040,1001\)"" -e ""\(0040,1003\)"" -e ""\(0040,1400\)"" -e ""\(0008,009C\)"" -e ""\(0010,1060\)"" -e ""\(0040,0243\)"" -e ""\(0040,0242\)"" -e ""\(0040,0254\)"" -e ""\(0018,1000\)"" -e ""\(0020,4000\)"" -e ""\(4008,0114\)"" {}",0.20500097594,0.0032902544255271,0.20573468954,0.13826548,0.07058848,0.20117069754,0.20901822654,results.csv,results,10.0,8.0,,
133,../../pulsedcm/target/release/pulsedcm-cli tmp/1_one_big_image_MG tags all,0.00547195336,0.0012332714517168,0.00550344456,0.001480312,0.003114112,0.00434009156,0.00744098656,results.csv,results,11.0,0.0,,
134,../../pulsedcm/target/release/pulsedcm-cli tmp/1_one_big_image_MG tags short,0.00497731656,0.0007908654871155,0.00518277956,0.002457016,0.0022294839999999,0.00404085856,0.00587289056,results.csv,results,12.0,1.0,,
135,"../../pulsedcm/target/release/pulsedcm-cli tmp/1_one_big_image_MG tags PatientName,PatientID,Modality",0.00476492636,0.0007687033935541,0.00445504756,0.00419792,0.0,0.00395716056,0.00566642156,results.csv,results,13.0,2.0,,
136,../../pulsedcm/target/release/pulsedcm-cli tmp/1_one_big_image_MG tags all --json pulse_json_csv/tags_all.json,0.00478869896,0.0012234828003113,0.00438219156,0.00056132,0.00361534,0.00372743656,0.00657618556,results.csv,results,14.0,3.0,,
137,../../pulsedcm/target/release/pulsedcm-cli tmp/1_one_big_image_MG tags all --csv pulse_json_csv/tags_all.csv,0.00583406716,0.0010907641417642,0.00573816656,0.0029166159999999,0.002274284,0.00427339556,0.00712113256,results.csv,results,15.0,4.0,,
138,for f in tmp/1_one_big_image_MG/* ; do dcmdump +L all -M $f ; done,0.03426021056,0.0024565578373902,0.03368859456,0.02878192,0.003616712,0.03212539056,0.03833947956,results.csv,results,16.0,5.0,,
139,for f in tmp/1_one_big_image_MG/* ; do dcmdump +L +P PatientName +P PatientID +P Modality $f; done,0.06517646716,0.0027805944407971,0.06457609456,0.02564652,0.03488914,0.06276663756,0.06993512456,results.csv,results,17.0,6.0,,
140,for f in tmp/1_one_big_image_MG/* ; do dcmdump +L +P PatientName +P PatientID +P StudyDate $f; done,0.06476097716,0.0011598007919728,0.06516781656,0.02379372,0.03736794,0.06296054856,0.06583860156,results.csv,results,18.0,7.0,,
141,for f in tmp/1_one_big_image_MG/* ; do dcm2json $f dcmtk_json_csv/$(basename $f).json ; done,0.02983789856,0.0016223042172139,0.02960333256,0.0256777199999999,0.002519084,0.02808861856,0.03237005456,results.csv,results,19.0,8.0,,
142,"find tmp/1_one_big_image_MG -type f -name ""*.dcm"" | parallel dcmdump +L all -M {}",0.15285120296,0.006518728871594,0.15276566356,0.12893092,0.02818754,0.14519151456,0.16052566456,results.csv,results,20.0,9.0,,
143,../../pulsedcm/target/release/pulsedcm-cli tmp/1_one_big_image_MG view,0.04547017826,0.0014083229611021,0.04593030226,0.0075173199999999,0.0342571,0.04334465126,0.04708001026,results.csv,results,21.0,0.0,,
144,../../pulsedcm/target/release/pulsedcm-cli tmp/1_one_big_image_MG view --jobs 1,0.04449922286,0.0015885222033431,0.04474988726,0.00812252,0.0343527,0.04197095126,0.04624651626,results.csv,results,22.0,1.0,,
145,for f in tmp/1_one_big_image_MG/* ; do dcmj2pnm +on +Wm  dcmtk_view/$(basename $f).png ;  done,0.03059001066,0.00099835912213,0.03062253826,0.02344632,0.0049561,0.02940517426,0.03194773426,results.csv,results,23.0,2.0,,
146,"find tmp/1_one_big_image_MG -type f -name ""*.dcm"" | parallel dcmj2pnm +on +Wm {} dcmtk_view/$(basename $f).png",0.14914583066,0.0022203745634757,0.14985615026,0.12754732,0.0242865,0.14591680226,0.15146532226,results.csv,results,24.0,3.0,,
147,../../pulsedcm/target/release/pulsedcm-cli tmp/2_small_serie_MR ano --out anonymization,0.07822977776,0.0014546927710718,0.07783737796,0.0075844599999999,0.00690636,0.07640180896,0.08022122096,results.csv,results,25.0,0.0,,
148,../../pulsedcm/target/release/pulsedcm-cli tmp/2_small_serie_MR ano --out anonymization --action remove,0.0065311146199999,0.0008114498205461,0.0061878720199999,0.0017890719999999,0.001119896,0.0057543530199999,0.00781698002,results.csv,results,26.0,0.0,,
149,../../pulsedcm/target/release/pulsedcm-cli tmp/2_small_serie_MR ano --out anonymization,0.2011248287199999,0.0176622746868123,0.19464171492,0.10409958,0.0771898999999999,0.18366695192,0.22186398692,results.csv,results,27.0,0.0,,
150,../../pulsedcm/target/release/pulsedcm-cli tmp/2_small_serie_MR ano --out anonymization --action remove,0.22842623292,0.0144719962726279,0.23290331892,0.10952958,0.0964433,0.21056128692,0.24416290792,results.csv,results,28.0,1.0,,
151,../../pulsedcm/target/release/pulsedcm-cli tmp/2_small_serie_MR ano --out anonymization --action zero,0.21545411952,0.0305225834242264,0.22165910992,0.10150538,0.0801279,0.17730195092,0.25376058492,results.csv,results,29.0,2.0,,
152,../../pulsedcm/target/release/pulsedcm-cli tmp/2_small_serie_MR ano --out anonymization --policy basic,0.19573182472,0.0258243495303563,0.18120796192,0.1132119799999999,0.0677247,0.17818547292,0.23880559792,results.csv,results,30.0,3.0,,
153,../../pulsedcm/target/release/pulsedcm-cli tmp/2_small_serie_MR ano --out anonymization --policy strict,0.20877363732,0.0117328198725219,0.20505422492,0.12086878,0.0686526999999999,0.19878306592,0.22665130392,results.csv,results,31.0,4.0,,
154,../../pulsedcm/target/release/pulsedcm-cli tmp/2_small_serie_MR ano --out anonymization --action zero --policy basic,0.22365014932,0.0079490966315551,0.22447370792,0.1088455799999999,0.0745242999999999,0.21138860092,0.23346720692,results.csv,results,32.0,5.0,,
155,../../pulsedcm/target/release/pulsedcm-cli tmp/2_small_serie_MR ano --out anonymization --action remove --policy strict,0.22835244612,0.0128540212164781,0.22778082392,0.1156675799999999,0.0986364999999999,0.21286182892,0.24244220192,results.csv,results,33.0,6.0,,
156,"for f in tmp/2_small_serie_MR/*; do dcmodify -e ""(0010,0010)"" -e ""(0010,0020)"" -e ""(0010,0030)"" -e ""(0010,0040)"" -e ""(0010,1000)"" -e ""(0010,1001)"" -e ""(0010,1040)"" -e ""(0010,2160)"" -e ""(0010,4000)"" -e ""(0008,0090)"" -e ""(0008,0050)"" -e ""(0008,0080)"" -e ""(0008,0081)"" -e ""(0008,1040)"" -e ""(0008,1010)"" -e ""(0038,0010)"" -e ""(0032,1032)"" -e ""(0032,1060)"" -e ""(0032,1064)"" -e ""(0040,1001)"" -e ""(0040,1003)"" -e ""(0040,1400)"" -e ""(0008,009C)"" -e ""(0010,1060)"" -e ""(0040,0243)"" -e ""(0040,0242)"" -e ""(0040,0254)"" -e ""(0018,1000)"" -e ""(0020,4000)"" -e ""(4008,0114)"" $f ; done",3.932051564120001,0.2425551982431961,3.845913392920001,3.37817478,0.4322521,3.78866934592,4.36228726192,results.csv,results,34.0,7.0,,
157,"find tmp/2_small_serie_MR -type f -name ""*.dcm"" | parallel dcmodify -e ""\(0010,0010\)"" -e ""\(0010,0020\)"" -e ""\(0010,0030\)"" -e ""\(0010,0040\)"" -e ""\(0010,1000\)"" -e ""\(0010,1001\)"" -e ""\(0010,1040\)"" -e ""\(0010,2160\)"" -e ""\(0010,4000\)"" -e ""\(0008,0090\)"" -e ""\(0008,0050\)"" -e ""\(0008,0080\)"" -e ""\(0008,0081\)"" -e ""\(0008,1040\)"" -e ""\(0008,1010\)"" -e ""\(0038,0010\)"" -e ""\(0032,1032\)"" -e ""\(0032,1060\)"" -e ""\(0032,1064\)"" -e ""\(0040,1001\)"" -e ""\(0040,1003\)"" -e ""\(0040,1400\)"" -e ""\(0008,009C\)"" -e ""\(0010,1060\)"" -e ""\(0040,0243\)"" -e ""\(0040,0242\)"" -e ""\(0040,0254\)"" -e ""\(0018,1000\)"" -e ""\(0020,4000\)"" -e ""\(4008,0114\)"" {}",1.42666788092,0.0107498592762155,1.43146759092,2.09795398,0.4835793,1.41037177992,1.43562418192,results.csv,results,35.0,8.0,,
158,../../pulsedcm/target/release/pulsedcm-cli tmp/2_small_serie_MR tags all,0.02224603296,0.0005749370072447,0.02208374996,0.01949708,0.002536536,0.02176800296,0.02322172196,results.csv,results,36.0,0.0,,
159,../../pulsedcm/target/release/pulsedcm-cli tmp/2_small_serie_MR tags short,0.00937532876,0.0007783629895075,0.00942041596,0.00625528,0.0029645599999999,0.00864110196,0.01061006596,results.csv,results,37.0,1.0,,
160,"../../pulsedcm/target/release/pulsedcm-cli tmp/2_small_serie_MR tags PatientName,PatientID,Modality",0.01017559896,0.0006495758467985,0.00997431196,0.00735768,0.00268216,0.00963116396,0.01121330496,results.csv,results,38.0,2.0,,
161,../../pulsedcm/target/release/pulsedcm-cli tmp/2_small_serie_MR tags all --json pulse_json_csv/tags_all.json,0.01725182656,0.0003583928193244,0.01709328196,0.01326508,0.0037376479999999,0.01682999596,0.01763204096,results.csv,results,39.0,3.0,,
162,../../pulsedcm/target/release/pulsedcm-cli tmp/2_small_serie_MR tags all --csv pulse_json_csv/tags_all.csv,0.01711508116,0.0009307644108761,0.01717339396,0.0113694799999999,0.005586248,0.01571107896,0.01832968996,results.csv,results,40.0,4.0,,
163,for f in tmp/2_small_serie_MR/* ; do dcmdump +L all -M $f ; done,3.79124966876,0.0402328043567859,3.78246844196,3.37088968,0.40248636,3.75360969696,3.85454181296,results.csv,results,41.0,5.0,,
164,for f in tmp/2_small_serie_MR/* ; do dcmdump +L +P PatientName +P PatientID +P Modality $f; done,3.87040369336,0.0358362218447304,3.86723348596,3.4113030800000006,0.4438175599999999,3.83756914896,3.92966081696,results.csv,results,42.0,6.0,,
165,for f in tmp/2_small_serie_MR/* ; do dcmdump +L +P PatientName +P PatientID +P StudyDate $f; done,3.88973941876,0.0362642091738004,3.89868940196,3.46393868,0.40504656,3.83741968396,3.92444928196,results.csv,results,43.0,7.0,,
166,for f in tmp/2_small_serie_MR/* ; do dcm2json $f dcmtk_json_csv/$(basename $f).json ; done,3.96489045316,0.1243375277968085,3.91418555196,3.4941432800000003,0.4582589599999999,3.83712406996,4.13503905196,results.csv,results,44.0,8.0,,
167,"find tmp/2_small_serie_MR -type f -name ""*.dcm"" | parallel dcmdump +L all -M {}",1.31793784396,0.0058463833984736,1.31766609096,1.99094208,0.44827516,1.31148421196,1.32480757796,results.csv,results,45.0,9.0,,
168,../../pulsedcm/target/release/pulsedcm-cli tmp/2_small_serie_MR view,0.40219107296,0.0034192290635423,0.40269835256,0.27955038,0.12009672,0.39727686056,0.40670457256,results.csv,results,46.0,0.0,,
169,../../pulsedcm/target/release/pulsedcm-cli tmp/2_small_serie_MR view --jobs 1,0.40100157156,0.0024972890129499,0.40152145056,0.27631278,0.1231203199999999,0.39851728556,0.40459408056,results.csv,results,47.0,1.0,,
170,for f in tmp/2_small_serie_MR/* ; do dcmj2pnm +on +Wm  dcmtk_view/$(basename $f).png ;  done,4.26387267156,0.1030347018385204,4.22126531256,3.68033678,0.5643969199999999,4.18362268656,4.43575627456,results.csv,results,48.0,2.0,,
171,"find tmp/2_small_serie_MR -type f -name ""*.dcm"" | parallel dcmj2pnm +on +Wm {} dcmtk_view/$(basename $f).png",2.18360528216,0.0074361322709148,2.18717225456,3.41879138,0.59847652,2.17391459656,2.19034399356,results.csv,results,49.0,3.0,,
172,../../pulsedcm/target/release/pulsedcm-cli tmp/3_big_serie_CT ano --out anonymization,0.40753770916,0.029927838507726,0.40323584396,0.01794904,0.0477082,0.38010580596,0.45705393796,results.csv,results,50.0,0.0,,
173,../../pulsedcm/target/release/pulsedcm-cli tmp/3_big_serie_CT ano --out anonymization --action remove,0.00711121258,0.0010751622107701,0.00659864438,0.00293428,0.0,0.00617028638,0.00869393738,results.csv,results,51.0,0.0,,
174,../../pulsedcm/target/release/pulsedcm-cli tmp/3_big_serie_CT ano --out anonymization,1.53134172288,0.0805658229196754,1.55067745128,0.66222918,0.5426683199999999,1.40032863328,1.6139427382800002,results.csv,results,52.0,0.0,,
175,../../pulsedcm/target/release/pulsedcm-cli tmp/3_big_serie_CT ano --out anonymization --action remove,1.47225235068,0.2249327046235515,1.43368653628,0.6903521799999999,0.51701252,1.22743674228,1.71662994528,results.csv,results,53.0,1.0,,
176,../../pulsedcm/target/release/pulsedcm-cli tmp/3_big_serie_CT ano --out anonymization --action zero,1.3352224634800005,0.0751604209223057,1.30058212828,0.65438918,0.5506695199999999,1.2583729542800002,1.42010989428,results.csv,results,54.0,2.0,,
177,../../pulsedcm/target/release/pulsedcm-cli tmp/3_big_serie_CT ano --out anonymization --policy basic,1.29651043928,0.0272322869628866,1.2799722372800002,0.67309058,0.51319572,1.27618540728,1.3385786272800002,results.csv,results,55.0,3.0,,
178,../../pulsedcm/target/release/pulsedcm-cli tmp/3_big_serie_CT ano --out anonymization --policy strict,1.3749416770800005,0.0822916663798835,1.32545357128,0.72501718,0.5194283199999999,1.30297221328,1.46645219228,results.csv,results,56.0,4.0,,
179,../../pulsedcm/target/release/pulsedcm-cli tmp/3_big_serie_CT ano --out anonymization --action zero --policy basic,1.29732763128,0.0582995107980658,1.25994204228,0.67674518,0.5061267199999999,1.2490337042800002,1.37697355328,results.csv,results,57.0,5.0,,
180,../../pulsedcm/target/release/pulsedcm-cli tmp/3_big_serie_CT ano --out anonymization --action remove --policy strict,1.39519990708,0.0560551023791758,1.39531598828,0.72673098,0.4571851199999999,1.3305620582800002,1.45285109028,results.csv,results,58.0,6.0,,
181,"for f in tmp/3_big_serie_CT/*; do dcmodify -e ""(0010,0010)"" -e ""(0010,0020)"" -e ""(0010,0030)"" -e ""(0010,0040)"" -e ""(0010,1000)"" -e ""(0010,1001)"" -e ""(0010,1040)"" -e ""(0010,2160)"" -e ""(0010,4000)"" -e ""(0008,0090)"" -e ""(0008,0050)"" -e ""(0008,0080)"" -e ""(0008,0081)"" -e ""(0008,1040)"" -e ""(0008,1010)"" -e ""(0038,0010)"" -e ""(0032,1032)"" -e ""(0032,1060)"" -e ""(0032,1064)"" -e ""(0040,1001)"" -e ""(0040,1003)"" -e ""(0040,1400)"" -e ""(0008,009C)"" -e ""(0010,1060)"" -e ""(0040,0243)"" -e ""(0040,0242)"" -e ""(0040,0254)"" -e ""(0018,1000)"" -e ""(0020,4000)"" -e ""(4008,0114)"" $f ; done",24.68142276628,0.0805228094740374,24.69980214428,21.78587898,2.77658912,24.57049829728,24.76150453728,results.csv,results,59.0,7.0,,
182,"find tmp/3_big_serie_CT -type f -name ""*.dcm"" | parallel dcmodify -e ""\(0010,0010\)"" -e ""\(0010,0020\)"" -e ""\(0010,0030\)"" -e ""\(0010,0040\)"" -e ""\(0010,1000\)"" -e ""\(0010,1001\)"" -e ""\(0010,1040\)"" -e ""\(0010,2160\)"" -e ""\(0010,4000\)"" -e ""\(0008,0090\)"" -e ""\(0008,0050\)"" -e ""\(0008,0080\)"" -e ""\(0008,0081\)"" -e ""\(0008,1040\)"" -e ""\(0008,1010\)"" -e ""\(0038,0010\)"" -e ""\(0032,1032\)"" -e ""\(0032,1060\)"" -e ""\(0032,1064\)"" -e ""\(0040,1001\)"" -e ""\(0040,1003\)"" -e ""\(0040,1400\)"" -e ""\(0008,009C\)"" -e ""\(0010,1060\)"" -e ""\(0040,0243\)"" -e ""\(0040,0242\)"" -e ""\(0040,0254\)"" -e ""\(0018,1000\)"" -e ""\(0020,4000\)"" -e ""\(4008,0114\)"" {}",8.46175868928,0.2727591805770325,8.26639512028,12.843348980000002,3.066077719999999,8.26460308028,8.81985159528,results.csv,results,60.0,8.0,,
183,../../pulsedcm/target/release/pulsedcm-cli tmp/3_big_serie_CT tags all,0.12043282694,0.0091995132125648,0.11714036954,0.1013256999999999,0.0180372,0.11153096354,0.13571575354,results.csv,results,61.0,0.0,,
184,../../pulsedcm/target/release/pulsedcm-cli tmp/3_big_serie_CT tags short,0.04092861794,0.0043877175172552,0.03920483254,0.0332651,0.0067367999999999,0.03590355454,0.04644374154,results.csv,results,62.0,1.0,,
185,"../../pulsedcm/target/release/pulsedcm-cli tmp/3_big_serie_CT tags PatientName,PatientID,Modality",0.0486792161399999,0.014226780451564,0.04387239554,0.0408787,0.0072515999999999,0.03934764354,0.07381620054,results.csv,results,63.0,2.0,,
186,../../pulsedcm/target/release/pulsedcm-cli tmp/3_big_serie_CT tags all --json pulse_json_csv/tags_all.json,0.07505291494,0.003988205541504,0.07508144554,0.0594059,0.0140863999999999,0.06923277154,0.07937839854,results.csv,results,64.0,3.0,,
187,../../pulsedcm/target/release/pulsedcm-cli tmp/3_big_serie_CT tags all --csv pulse_json_csv/tags_all.csv,0.07652068394,0.0049189991021292,0.07767423654,0.0600418999999999,0.0152502,0.06933364054,0.08220935254,results.csv,results,65.0,4.0,,
188,for f in tmp/3_big_serie_CT/* ; do dcmdump +L all -M $f ; done,24.33265105914,0.0487203259471747,24.32145080354,21.642411899999995,2.581604,24.27839210054,24.38879399754,results.csv,results,66.0,5.0,,
189,for f in tmp/3_big_serie_CT/* ; do dcmdump +L +P PatientName +P PatientID +P Modality $f; done,24.82057102074,0.084720257656626,24.84638972354,21.9468967,2.7698954,24.71061018854,24.92699257454,results.csv,results,67.0,6.0,,
190,for f in tmp/3_big_serie_CT/* ; do dcmdump +L +P PatientName +P PatientID +P StudyDate $f; done,24.86597786974,0.1427222794953923,24.94619063354,21.9976535,2.7632348,24.65541082254,24.97482686754,results.csv,results,68.0,7.0,,
191,for f in tmp/3_big_serie_CT/* ; do dcm2json $f dcmtk_json_csv/$(basename $f).json ; done,25.61111681454,0.3631471096316058,25.45658095754,22.7641067,2.764402,25.34553435854,26.20992357154,results.csv,results,69.0,8.0,,
192,"find tmp/3_big_serie_CT -type f -name ""*.dcm"" | parallel dcmdump +L all -M {}",7.81448904894,0.024845551633518,7.81175210154,12.475025699999998,2.5394222,7.78136117154,7.85104537454,results.csv,results,70.0,9.0,,
193,../../pulsedcm/target/release/pulsedcm-cli tmp/3_big_serie_CT view,1.2642771290200003,0.0538682079943858,1.24334202482,1.02051818,0.2256626599999999,1.23614549182,1.36038115082,results.csv,results,71.0,0.0,,
194,../../pulsedcm/target/release/pulsedcm-cli tmp/3_big_serie_CT view --jobs 1,1.24967869802,0.0126896144403205,1.25492435682,1.01136238,0.23321286,1.2358746658200002,1.2645698278200002,results.csv,results,72.0,1.0,,
195,for f in tmp/3_big_serie_CT/* ; do dcmj2pnm +on +Wm  dcmtk_view/$(basename $f).png ;  done,27.11873421902,0.1677732704706553,27.07859882482,23.50039838,3.5190848600000004,26.97076605382,27.36835826882,results.csv,results,73.0,2.0,,
196,"find tmp/3_big_serie_CT -type f -name ""*.dcm"" | parallel dcmj2pnm +on +Wm {} dcmtk_view/$(basename $f).png",17.25853474922,0.0509082736820594,17.23672901582,29.72576278,3.58172526,17.210944248820002,17.32170572882,results.csv,results,74.0,3.0,,
197,../../pulsedcm/target/release/pulsedcm-cli tmp/tesat.png ano --out anonymization,0.00094120142,0.0001615532056057,0.00084447642,0.0011262599999999,0.0,0.00081049342,0.00117842542,results.csv,results,75.0,0.0,,
198,../../pulsedcm/target/release/pulsedcm-cli tmp/tesat.png ano --out anonymization --action remove,0.00084516542,3.0228797983e-05,0.00084909542,0.0009378599999999,7.9644e-05,0.00081212742,0.00087876842,results.csv,results,76.0,1.0,,
199,../../pulsedcm/target/release/pulsedcm-cli tmp/tesat.png ano --out anonymization --action zero,0.00103653362,0.0002915893043575,0.00091560642,0.0004286359999999,0.000600532,0.00079480042,0.00153655542,results.csv,results,77.0,2.0,,
200,../../pulsedcm/target/release/pulsedcm-cli tmp/tesat.png ano --out anonymization --policy basic,0.00103512262,0.0002174797964873,0.00100860442,0.000814448,0.000269288,0.00085410642,0.00138530442,results.csv,results,78.0,3.0,,
201,../../pulsedcm/target/release/pulsedcm-cli tmp/tesat.png ano --out anonymization --policy strict,0.00095449562,0.0002691011732205,0.00084475642,0.0007260599999999,0.000373888,0.00080095342,0.00143240442,results.csv,results,79.0,4.0,,
202,../../pulsedcm/target/release/pulsedcm-cli tmp/tesat.png ano --out anonymization --action zero --policy basic,0.00087229482,7.29930681112e-05,0.00084686142,0.000727648,0.0002690879999999,0.00079689442,0.00097767842,results.csv,results,80.0,5.0,,
203,../../pulsedcm/target/release/pulsedcm-cli tmp/tesat.png ano --out anonymization --action remove --policy strict,0.00091604382,0.0001294857224998,0.00086081042,0.000893448,0.000192244,0.00082455342,0.00114296942,results.csv,results,81.0,6.0,,
204,"for f in tmp/tesat.png/*; do dcmodify -e ""(0010,0010)"" -e ""(0010,0020)"" -e ""(0010,0030)"" -e ""(0010,0040)"" -e ""(0010,1000)"" -e ""(0010,1001)"" -e ""(0010,1040)"" -e ""(0010,2160)"" -e ""(0010,4000)"" -e ""(0008,0090)"" -e ""(0008,0050)"" -e ""(0008,0080)"" -e ""(0008,0081)"" -e ""(0008,1040)"" -e ""(0008,1010)"" -e ""(0038,0010)"" -e ""(0032,1032)"" -e ""(0032,1060)"" -e ""(0032,1064)"" -e ""(0040,1001)"" -e ""(0040,1003)"" -e ""(0040,1400)"" -e ""(0008,009C)"" -e ""(0010,1060)"" -e ""(0040,0243)"" -e ""(0040,0242)"" -e ""(0040,0254)"" -e ""(0018,1000)"" -e ""(0020,4000)"" -e ""(4008,0114)"" $f ; done",0.02540126302,0.0008051333451263,0.02570815642,0.02149526,0.003655732,0.02396900342,0.02590596742,results.csv,results,82.0,7.0,,
205,"find tmp/tesat.png -type f -name ""*.dcm"" | parallel dcmodify -e ""(0010,0010)"" -e ""(0010,0020)"" -e ""(0010,0030)"" -e ""(0010,0040)"" -e ""(0010,1000)"" -e ""(0010,1001)"" -e ""(0010,1040)"" -e ""(0010,2160)"" -e ""(0010,4000)"" -e ""(0008,0090)"" -e ""(0008,0050)"" -e ""(0008,0080)"" -e ""(0008,0081)"" -e ""(0008,1040)"" -e ""(0008,1010)"" -e ""(0038,0010)"" -e ""(0032,1032)"" -e ""(0032,1060)"" -e ""(0032,1064)"" -e ""(0040,1001)"" -e ""(0040,1003)"" -e ""(0040,1400)"" -e ""(0008,009C)"" -e ""(0010,1060)"" -e ""(0040,0243)"" -e ""(0040,0242)"" -e ""(0040,0254)"" -e ""(0018,1000)"" -e ""(0020,4000)"" -e ""(4008,0114)"" {}",0.13024508342,0.0036014455622401,0.1322102954199999,0.11187266,0.0209690199999999,0.12409310342,0.13252619842,results.csv,results,83.0,8.0,,
206,../../pulsedcm/target/release/pulsedcm-cli tmp/tesat.png tags all,0.00128356768,0.0002731687364514,0.00123520968,0.00112948,0.0001318759999999,0.00104830268,0.00174155268,results.csv,results,84.0,0.0,,
207,../../pulsedcm/target/release/pulsedcm-cli tmp/tesat.png tags short,0.00121542528,0.0002706867166897,0.00112488568,0.00112148,0.000109476,0.00102804068,0.00169402168,results.csv,results,85.0,1.0,,
208,"../../pulsedcm/target/release/pulsedcm-cli tmp/tesat.png tags PatientName,PatientID,Modality",0.00109357288,3.58350649741e-05,0.00109395968,0.00082668,0.000314352,0.00104777168,0.00113085768,results.csv,results,86.0,2.0,,
209,../../pulsedcm/target/release/pulsedcm-cli tmp/tesat.png tags all --json pulse_json_csv/tags_all.json,0.00117828248,0.0001013563997347,0.00112300068,0.0009720799999999,0.000226076,0.00108707568,0.00131144068,results.csv,results,87.0,3.0,,
210,../../pulsedcm/target/release/pulsedcm-cli tmp/tesat.png tags all --csv pulse_json_csv/tags_all.csv,0.00137357068,0.0004516921224783,0.00116172368,0.00068328,0.0005942279999999,0.00112028568,0.00217605368,results.csv,results,88.0,4.0,,
211,for f in tmp/tesat.png/* ; do dcmdump +L all -M $f ; done,0.02457282548,0.0011975162570713,0.02387902068,0.02260268,0.0016804279999999,0.02357482568,0.02627282568,results.csv,results,89.0,5.0,,
212,for f in tmp/tesat.png/* ; do dcmdump +L +P PatientName +P PatientID +P Modality $f; done,0.02595211728,0.0012233532464927,0.02637613368,0.02169608,0.003927704,0.02386270568,0.02698881368,results.csv,results,90.0,6.0,,
213,for f in tmp/tesat.png/* ; do dcmdump +L +P PatientName +P PatientID +P StudyDate $f; done,0.0257225324799999,0.0010434019319009,0.02606353168,0.02380288,0.0016572279999999,0.02388471268,0.02639712768,results.csv,results,91.0,7.0,,
214,for f in tmp/tesat.png/* ; do dcm2json $f > dcmtk_js_csv/$(basename $f).json ; done,0.00078162568,0.0001907498598964,0.00067702568,0.0007620799999999,0.0,0.00063741168,0.00107781568,results.csv,results,92.0,8.0,,
215,"find tmp/tesat.png -type f -name ""*.dcm"" | parallel dcmdump +L all -M {}",0.11512696248,0.003888142105433,0.11611350668,0.09188688,0.02663078,0.10999908268,0.11930397668,results.csv,results,93.0,9.0,,
216,../../pulsedcm/target/release/pulsedcm-cli tmp/tesat.png view,0.00123389332,0.0002068607533736,0.00115016572,0.0008193599999999,0.0004219439999999,0.00105918272,0.00156505572,results.csv,results,94.0,0.0,,
217,../../pulsedcm/target/release/pulsedcm-cli tmp/tesat.png view --jobs 1,0.00106262592,4.95002288701e-05,0.00103727572,0.00113736,0.0,0.00101138172,0.00113130572,results.csv,results,95.0,1.0,,
218,for f in tmp/tesat.png/* ; do dcmj2pnm +on +Wm  dcmtk_view/$(basename $f).png ;  done,0.00698047832,0.0004044618677456,0.00683968772,0.00544176,0.0014766879999999,0.00660752472,0.00762956372,results.csv,results,96.0,2.0,,
219,"find tmp/tesat.png -type f -name ""*.dcm"" | parallel dcmj2pnm +on +Wm {} dcmtk_view/$(basename $f).png",0.11620527152,0.003484750430334,0.11819757172,0.0997913599999999,0.01964336,0.11218629672,0.11924384472,results.csv,results,97.0,3.0,,
220,../../pulsedcm/target/release/pulsedcm-cli tmp/2_small_serie_MR ano --out anonymization,0.2011248287199999,0.0176622746868123,0.19464171492,0.10409958,0.0771898999999999,0.18366695192,0.22186398692,results.csv,results,98.0,0.0,0.0,
221,../../pulsedcm/target/release/pulsedcm-cli tmp/2_small_serie_MR ano --out anonymization --action remove,0.22842623292,0.0144719962726279,0.23290331892,0.10952958,0.0964433,0.21056128692,0.24416290792,results.csv,results,99.0,1.0,1.0,
222,../../pulsedcm/target/release/pulsedcm-cli tmp/2_small_serie_MR ano --out anonymization --action zero,0.21545411952,0.0305225834242264,0.22165910992,0.10150538,0.0801279,0.17730195092,0.25376058492,results.csv,results,100.0,2.0,2.0,
223,../../pulsedcm/target/release/pulsedcm-cli tmp/2_small_serie_MR ano --out anonymization --policy basic,0.19573182472,0.0258243495303563,0.18120796192,0.1132119799999999,0.0677247,0.17818547292,0.23880559792,results.csv,results,101.0,3.0,3.0,
224,../../pulsedcm/target/release/pulsedcm-cli tmp/2_small_serie_MR ano --out anonymization --policy strict,0.20877363732,0.0117328198725219,0.20505422492,0.12086878,0.0686526999999999,0.19878306592,0.22665130392,results.csv,results,102.0,4.0,4.0,
225,../../pulsedcm/target/release/pulsedcm-cli tmp/2_small_serie_MR ano --out anonymization --action zero --policy basic,0.22365014932,0.0079490966315551,0.22447370792,0.1088455799999999,0.0745242999999999,0.21138860092,0.23346720692,results.csv,results,103.0,5.0,5.0,
226,../../pulsedcm/target/release/pulsedcm-cli tmp/2_small_serie_MR ano --out anonymization --action remove --policy strict,0.22835244612,0.0128540212164781,0.22778082392,0.1156675799999999,0.0986364999999999,0.21286182892,0.24244220192,results.csv,results,104.0,6.0,6.0,
227,"for f in tmp/2_small_serie_MR/*; do dcmodify -e ""(0010,0010)"" -e ""(0010,0020)"" -e ""(0010,0030)"" -e ""(0010,0040)"" -e ""(0010,1000)"" -e ""(0010,1001)"" -e ""(0010,1040)"" -e ""(0010,2160)"" -e ""(0010,4000)"" -e ""(0008,0090)"" -e ""(0008,0050)"" -e ""(0008,0080)"" -e ""(0008,0081)"" -e ""(0008,1040)"" -e ""(0008,1010)"" -e ""(0038,0010)"" -e ""(0032,1032)"" -e ""(0032,1060)"" -e ""(0032,1064)"" -e ""(0040,1001)"" -e ""(0040,1003)"" -e ""(0040,1400)"" -e ""(0008,009C)"" -e ""(0010,1060)"" -e ""(0040,0243)"" -e ""(0040,0242)"" -e ""(0040,0254)"" -e ""(0018,1000)"" -e ""(0020,4000)"" -e ""(4008,0114)"" $f ; done",3.932051564120001,0.2425551982431961,3.845913392920001,3.37817478,0.4322521,3.78866934592,4.36228726192,results.csv,results,105.0,7.0,7.0,
228,"find tmp/2_small_serie_MR -type f -name ""*.dcm"" | parallel dcmodify -e ""\(0010,0010\)"" -e ""\(0010,0020\)"" -e ""\(0010,0030\)"" -e ""\(0010,0040\)"" -e ""\(0010,1000\)"" -e ""\(0010,1001\)"" -e ""\(0010,1040\)"" -e ""\(0010,2160\)"" -e ""\(0010,4000\)"" -e ""\(0008,0090\)"" -e ""\(0008,0050\)"" -e ""\(0008,0080\)"" -e ""\(0008,0081\)"" -e ""\(0008,1040\)"" -e ""\(0008,1010\)"" -e ""\(0038,0010\)"" -e ""\(0032,1032\)"" -e ""\(0032,1060\)"" -e ""\(0032,1064\)"" -e ""\(0040,1001\)"" -e ""\(0040,1003\)"" -e ""\(0040,1400\)"" -e ""\(0008,009C\)"" -e ""\(0010,1060\)"" -e ""\(0040,0243\)"" -e ""\(0040,0242\)"" -e ""\(0040,0254\)"" -e ""\(0018,1000\)"" -e ""\(0020,4000\)"" -e ""\(4008,0114\)"" {}",1.42666788092,0.0107498592762155,1.43146759092,2.09795398,0.4835793,1.41037177992,1.43562418192,results.csv,results,106.0,8.0,8.0,
229,../../pulsedcm/target/release/pulsedcm-cli tmp/2_small_serie_MR ano --out anonymization,0.15840592224,0.0001848317375006,0.15845380724,0.1028438,0.05470364,0.15819946024,0.15857745924,results.csv,results,107.0,9.0,0.0,0.0
230,../../pulsedcm/target/release/pulsedcm-cli tmp/2_small_serie_MR ano --out anonymization --action remove,0.17300713924,0.0011736045440545,0.17249924324,0.1063262,0.06565844,0.17204694424,0.17480800324,results.csv,results,108.0,10.0,1.0,1.0
231,../../pulsedcm/target/release/pulsedcm-cli tmp/2_small_serie_MR ano --out anonymization --action zero,0.1599872300399999,0.0011448465352632,0.15966102124,0.1016611999999999,0.0576874399999999,0.15869924624,0.16178039024,results.csv,results,109.0,11.0,2.0,2.0
232,../../pulsedcm/target/release/pulsedcm-cli tmp/2_small_serie_MR ano --out anonymization --policy basic,0.15926242904,0.0021160479269229,0.15919495124,0.0997929999999999,0.05808464,0.15718481924,0.16243491224,results.csv,results,110.0,12.0,3.0,3.0
233,../../pulsedcm/target/release/pulsedcm-cli tmp/2_small_serie_MR ano --out anonymization --policy strict,0.16972355564,0.0012415409923273,0.16964891724,0.1076136,0.06090804,0.16829686324,0.17157980824,results.csv,results,111.0,13.0,4.0,4.0
234,../../pulsedcm/target/release/pulsedcm-cli tmp/2_small_serie_MR ano --out anonymization --action zero --policy basic,0.15936553664,0.0021788162853894,0.15914550824,0.1037733999999999,0.05452284,0.15751581824,0.16298628724,results.csv,results,112.0,14.0,5.0,5.0
235,../../pulsedcm/target/release/pulsedcm-cli tmp/2_small_serie_MR ano --out anonymization --action remove --policy strict,0.1939864278399999,0.0027185668250634,0.19339547724,0.114574,0.07822744,0.19162460724,0.19863760824,results.csv,results,113.0,15.0,6.0,6.0
236,"for f in tmp/2_small_serie_MR/*; do dcmodify -e ""(0010,0010)"" -e ""(0010,0020)"" -e ""(0010,0030)"" -e ""(0010,0040)"" -e ""(0010,1000)"" -e ""(0010,1001)"" -e ""(0010,1040)"" -e ""(0010,2160)"" -e ""(0010,4000)"" -e ""(0008,0090)"" -e ""(0008,0050)"" -e ""(0008,0080)"" -e ""(0008,0081)"" -e ""(0008,1040)"" -e ""(0008,1010)"" -e ""(0038,0010)"" -e ""(0032,1032)"" -e ""(0032,1060)"" -e ""(0032,1064)"" -e ""(0040,1001)"" -e ""(0040,1003)"" -e ""(0040,1400)"" -e ""(0008,009C)"" -e ""(0010,1060)"" -e ""(0040,0243)"" -e ""(0040,0242)"" -e ""(0040,0254)"" -e ""(0018,1000)"" -e ""(0020,4000)"" -e ""(4008,0114)"" $f ; done",3.78987558564,0.0282718551836049,3.79137834024,3.316691,0.4613306399999999,3.74584181224,3.82336944924,results.csv,results,114.0,16.0,7.0,7.0
237,"find tmp/2_small_serie_MR -type f -name ""*.dcm"" | parallel dcmodify -e ""(0010,0010)"" -e ""(0010,0020)"" -e ""(0010,0030)"" -e ""(0010,0040)"" -e ""(0010,1000)"" -e ""(0010,1001)"" -e ""(0010,1040)"" -e ""(0010,2160)"" -e ""(0010,4000)"" -e ""(0008,0090)"" -e ""(0008,0050)"" -e ""(0008,0080)"" -e ""(0008,0081)"" -e ""(0008,1040)"" -e ""(0008,1010)"" -e ""(0038,0010)"" -e ""(0032,1032)"" -e ""(0032,1060)"" -e ""(0032,1064)"" -e ""(0040,1001)"" -e ""(0040,1003)"" -e ""(0040,1400)"" -e ""(0008,009C)"" -e ""(0010,1060)"" -e ""(0040,0243)"" -e ""(0040,0242)"" -e ""(0040,0254)"" -e ""(0018,1000)"" -e ""(0020,4000)"" -e ""(4008,0114)"" {}",0.37321790084,0.0020790294753495,0.37292748824,0.316516,0.18597244,0.37068931624,0.37641012124,results.csv,results,115.0,17.0,8.0,8.0
238,../../pulsedcm/target/release/pulsedcm-cli tmp/1_one_big_image_MG view,0.03906075684,0.0033215729450199,0.03940314684,0.00894578,0.02928964,0.03535031784,0.04345767684,results.csv,results,116.0,18.0,9.0,0.0
239,../../pulsedcm/target/release/pulsedcm-cli tmp/1_one_big_image_MG view --jobs 1,0.04221546264,0.010219915311462,0.03913374284,0.00520938,0.03605824,0.03531510684,0.06016658284,results.csv,results,117.0,19.0,10.0,1.0
240,for f in tmp/1_one_big_image_MG/* ; do dcmj2pnm +on +Wm  dcmtk_view/$(basename $f).png ;  done,0.02599697844,0.0005244339070443,0.02569827984,0.02180818,0.003969824,0.02556035584,0.02670069784,results.csv,results,118.0,20.0,11.0,2.0
241,"find tmp/1_one_big_image_MG -type f -name ""*.dcm"" | parallel dcmj2pnm +on +Wm {} dcmtk_view/$(basename $f).png",0.14874628824,0.0056510817657189,0.15013431684,0.12630718,0.0278948399999999,0.14004944484,0.15428644884,results.csv,results,119.0,21.0,12.0,3.0
242,../../pulsedcm/target/release/pulsedcm-cli tmp/tesat.png ano --out anonymization,0.00107253868,7.29852835385e-05,0.00105314488,0.0008063399999999,0.000303352,0.00100318388,0.00115305688,results.csv,results,120.0,22.0,13.0,0.0
243,../../pulsedcm/target/release/pulsedcm-cli tmp/tesat.png ano --out anonymization --action remove,0.00103818868,6.62168845099e-05,0.00101886688,0.0011127399999999,0.0,0.00097922488,0.00115016388,results.csv,results,121.0,23.0,14.0,1.0
244,../../pulsedcm/target/release/pulsedcm-cli tmp/tesat.png ano --out anonymization --action zero,0.00123470328,0.0002305083182279,0.00116048188,0.0009411399999999,0.000318552,0.00102327088,0.00157547288,results.csv,results,122.0,24.0,15.0,2.0
245,../../pulsedcm/target/release/pulsedcm-cli tmp/tesat.png ano --out anonymization --policy basic,0.00123584648,0.0003608747186106,0.00104736088,0.00116614,0.000109676,0.00097590188,0.00184100888,results.csv,results,123.0,25.0,16.0,3.0
246,../../pulsedcm/target/release/pulsedcm-cli tmp/tesat.png ano --out anonymization --policy strict,0.00103732608,5.19071271137e-05,0.00101665488,0.0009995399999999,9.8276e-05,0.00099600888,0.00112485288,results.csv,results,124.0,26.0,17.0,4.0
247,../../pulsedcm/target/release/pulsedcm-cli tmp/tesat.png ano --out anonymization --action zero --policy basic,0.00113095448,0.0001036040732973,0.00111331388,0.00074334,0.0004087519999999,0.00102716388,0.00125913288,results.csv,results,125.0,27.0,18.0,5.0
248,../../pulsedcm/target/release/pulsedcm-cli tmp/tesat.png ano --out anonymization --action remove --policy strict,0.00125848908,0.0002537725427399,0.00120277788,0.00099374,0.000311352,0.00102731388,0.00162327088,results.csv,results,126.0,28.0,19.0,6.0
249,"for f in tmp/tesat.png/*; do dcmodify -e ""(0010,0010)"" -e ""(0010,0020)"" -e ""(0010,0030)"" -e ""(0010,0040)"" -e ""(0010,1000)"" -e ""(0010,1001)"" -e ""(0010,1040)"" -e ""(0010,2160)"" -e ""(0010,4000)"" -e ""(0008,0090)"" -e ""(0008,0050)"" -e ""(0008,0080)"" -e ""(0008,0081)"" -e ""(0008,1040)"" -e ""(0008,1010)"" -e ""(0038,0010)"" -e ""(0032,1032)"" -e ""(0032,1060)"" -e ""(0032,1064)"" -e ""(0040,1001)"" -e ""(0040,1003)"" -e ""(0040,1400)"" -e ""(0008,009C)"" -e ""(0010,1060)"" -e ""(0040,0243)"" -e ""(0040,0242)"" -e ""(0040,0254)"" -e ""(0018,1000)"" -e ""(0020,4000)"" -e ""(4008,0114)"" $f ; done",0.02341053168,0.0003507086937612,0.02325297688,0.02173114,0.0015153519999999,0.02310369488,0.02399817588,results.csv,results,127.0,29.0,20.0,7.0
250,"find tmp/tesat.png -type f -name ""*.dcm"" | parallel dcmodify -e ""(0010,0010)"" -e ""(0010,0020)"" -e ""(0010,0030)"" -e ""(0010,0040)"" -e ""(0010,1000)"" -e ""(0010,1001)"" -e ""(0010,1040)"" -e ""(0010,2160)"" -e ""(0010,4000)"" -e ""(0008,0090)"" -e ""(0008,0050)"" -e ""(0008,0080)"" -e ""(0008,0081)"" -e ""(0008,1040)"" -e ""(0008,1010)"" -e ""(0038,0010)"" -e ""(0032,1032)"" -e ""(0032,1060)"" -e ""(0032,1064)"" -e ""(0040,1001)"" -e ""(0040,1003)"" -e ""(0040,1400)"" -e ""(0008,009C)"" -e ""(0010,1060)"" -e ""(0040,0243)"" -e ""(0040,0242)"" -e ""(0040,0254)"" -e ""(0018,1000)"" -e ""(0020,4000)"" -e ""(4008,0114)"" {}",0.12756871588,0.0045168830906548,0.12729770588,0.1076757399999999,0.02309278,0.12282300288,0.13326706588,results.csv,results,128.0,30.0,21.0,8.0
251,../../pulsedcm/target/release/pulsedcm-cli tmp/tesat.png tags all,0.00112741416,0.0002166867900526,0.00103741076,0.0010775,9.674e-05,0.00100064976,0.00151108576,results.csv,results,129.0,31.0,22.0,0.0
252,../../pulsedcm/target/release/pulsedcm-cli tmp/tesat.png tags short,0.00105825636,6.71521531397e-05,0.00102666376,0.0007134999999999,0.0003922799999999,0.00101309076,0.00117611376,results.csv,results,130.0,32.0,23.0,1.0
253,"../../pulsedcm/target/release/pulsedcm-cli tmp/tesat.png tags PatientName,PatientID,Modality",0.00119049996,0.0001792535631869,0.00123428076,0.0009214999999999,0.0003064799999999,0.00100710076,0.00144583676,results.csv,results,131.0,33.0,24.0,2.0
254,../../pulsedcm/target/release/pulsedcm-cli tmp/tesat.png tags all --json pulse_json_csv/tags_all.json,0.00138457196,0.0003189884068766,0.00130993776,0.0010466999999999,0.00033908,0.00104275076,0.00187015876,results.csv,results,132.0,34.0,25.0,3.0
255,../../pulsedcm/target/release/pulsedcm-cli tmp/tesat.png tags all --csv pulse_json_csv/tags_all.csv,0.00119745596,0.0002287888280165,0.00110149876,0.0010306999999999,0.00021034,0.00105498076,0.00160168876,results.csv,results,133.0,35.0,26.0,4.0
256,for f in tmp/tesat.png/* ; do dcmdump +L all -M $f ; done,0.02591131896,0.0053126192817349,0.02362573476,0.0228629,0.0028647599999999,0.02287738876,0.03538471176,results.csv,results,134.0,36.0,27.0,5.0
257,for f in tmp/tesat.png/* ; do dcmdump +L +P PatientName +P PatientID +P Modality $f; done,0.02427545896,0.0011752354888505,0.02386369376,0.0203926999999999,0.0036218999999999,0.02323658076,0.02621736376,results.csv,results,135.0,37.0,28.0,6.0
258,for f in tmp/tesat.png/* ; do dcmdump +L +P PatientName +P PatientID +P StudyDate $f; done,0.02409405236,0.000511318944266,0.02399921076,0.0207285,0.0030738199999999,0.02343574476,0.02476041976,results.csv,results,136.0,38.0,29.0,7.0
259,for f in tmp/tesat.png/* ; do dcm2json $f dcmtk_json_csv/$(basename $f).json ; done,0.00531041116,0.000696630106045,0.00543012476,0.0034953,0.0017823599999999,0.00458591776,0.00628473876,results.csv,results,137.0,39.0,30.0,8.0
260,"find tmp/tesat.png -type f -name ""*.dcm"" | parallel dcmdump +L all -M {}",0.11678970796,0.0119952849071562,0.11212993976,0.1061894999999999,0.0139838999999999,0.10908545076,0.13794010676,results.csv,results,138.0,40.0,31.0,9.0
261,../../pulsedcm/target/release/pulsedcm-cli tmp/2_small_serie_MR tags all,0.0220046838,0.0009192482417003,0.0216502666,0.0181286199999999,0.0038366,0.0214588116,0.0236426156,results.csv,results,139.0,41.0,32.0,0.0
262,../../pulsedcm/target/release/pulsedcm-cli tmp/2_small_serie_MR tags short,0.010008442,0.0013587125574172,0.0094259226,0.00722802,0.0025317,0.0090865456,0.0123669876,results.csv,results,140.0,42.0,33.0,1.0
263,"../../pulsedcm/target/release/pulsedcm-cli tmp/2_small_serie_MR tags PatientName,PatientID,Modality",0.0097367462,0.0005001235714838,0.0096278536,0.00803282,0.0015572,0.0090865956,0.0102548936,results.csv,results,141.0,43.0,34.0,2.0
264,../../pulsedcm/target/release/pulsedcm-cli tmp/2_small_serie_MR tags all --json pulse_json_csv/tags_all.json,0.0185500716,0.0014730165450975,0.0179520206,0.01339462,0.0048015999999999,0.0172411506,0.0204466146,results.csv,results,142.0,44.0,35.0,3.0
265,../../pulsedcm/target/release/pulsedcm-cli tmp/2_small_serie_MR tags all --csv pulse_json_csv/tags_all.csv,0.0182552362,0.0011652438699994,0.0178946946,0.01380642,0.0041589,0.0172201306,0.0201779856,results.csv,results,143.0,45.0,36.0,4.0
266,for f in tmp/2_small_serie_MR/* ; do dcmdump +L all -M $f ; done,3.7351784888,0.0274519133031507,3.7417178086,3.3356482200000004,0.3880307,3.6914502046,3.7667301086,results.csv,results,144.0,46.0,37.0,5.0
267,for f in tmp/2_small_serie_MR/* ; do dcmdump +L +P PatientName +P PatientID +P Modality $f; done,3.7645493612,0.0393128299478972,3.7594188286,3.358668820000001,0.4120362999999999,3.7096427966,3.8181328236,results.csv,results,145.0,47.0,38.0,6.0
268,for f in tmp/2_small_serie_MR/* ; do dcmdump +L +P PatientName +P PatientID +P StudyDate $f; done,3.8209737456,0.0509825458218917,3.8033508096,3.40159522,0.4149965,3.7791070436,3.9081967616,results.csv,results,146.0,48.0,39.0,7.0
269,for f in tmp/2_small_serie_MR/* ; do dcm2json $f dcmtk_json_csv/$(basename $f).json ; done,4.525683642800001,0.106115691566976,4.484452671600001,4.01648382,0.5038841,4.4341016546,4.6962470296,results.csv,results,147.0,49.0,40.0,8.0
270,"find tmp/2_small_serie_MR -type f -name ""*.dcm"" | parallel dcmdump +L all -M {}",1.2924902932,0.008450439641636,1.2920825996,2.01327842,0.3976915,1.2815733066,1.3032255326,results.csv,results,148.0,50.0,41.0,9.0
271,../../pulsedcm/target/release/pulsedcm-cli tmp/1_one_big_image_MG tags all,0.00287349516,0.0003484703538893,0.00267629176,0.00073392,0.002192976,0.00254591176,0.00328538376,results.csv,results,149.0,51.0,42.0,0.0
272,../../pulsedcm/target/release/pulsedcm-cli tmp/1_one_big_image_MG tags short,0.00282308316,0.0002767721852404,0.00276656776,0.00131092,0.0015677319999999,0.00254409976,0.00322138976,results.csv,results,150.0,52.0,43.0,1.0
273,"../../pulsedcm/target/release/pulsedcm-cli tmp/1_one_big_image_MG tags PatientName,PatientID,Modality",0.00277007276,0.0005322916266563,0.00257426576,0.00125972,0.001428932,0.00242720276,0.00371210276,results.csv,results,151.0,53.0,44.0,2.0
274,../../pulsedcm/target/release/pulsedcm-cli tmp/1_one_big_image_MG tags all --json pulse_json_csv/tags_all.json,0.00301272256,0.0002819867318158,0.00317257876,0.00158672,0.001498576,0.00265659476,0.00327178276,results.csv,results,152.0,54.0,45.0,3.0
275,../../pulsedcm/target/release/pulsedcm-cli tmp/1_one_big_image_MG tags all --csv pulse_json_csv/tags_all.csv,0.00303629236,0.0002876334185179,0.00294964076,0.00258392,0.000530044,0.00275065476,0.00343750176,results.csv,results,153.0,55.0,46.0,4.0
276,for f in tmp/1_one_big_image_MG/* ; do dcmdump +L all -M $f ; done,0.02836626376,0.0014242665552527,0.02783613876,0.0263469199999999,0.0019165319999999,0.02745879176,0.03089807076,results.csv,results,154.0,56.0,47.0,5.0
277,for f in tmp/1_one_big_image_MG/* ; do dcmdump +L +P PatientName +P PatientID +P Modality $f; done,0.05502074916,0.0009813915903655,0.05536966276,0.02322092,0.03112302,0.05356098176,0.05607404976,results.csv,results,155.0,57.0,48.0,6.0
278,for f in tmp/1_one_big_image_MG/* ; do dcmdump +L +P PatientName +P PatientID +P StudyDate $f; done,0.05465718736,0.0006370774194062,0.05468620176,0.0251801199999999,0.02898982,0.05398256576,0.05539766676,results.csv,results,156.0,58.0,49.0,7.0
279,for f in tmp/1_one_big_image_MG/* ; do dcm2json $f dcmtk_json_csv/$(basename $f).json ; done,0.02815361616,0.0001972048505927,0.02815842976,0.02700032,0.001106288,0.02788673276,0.02838136976,results.csv,results,157.0,59.0,50.0,8.0
280,"find tmp/1_one_big_image_MG -type f -name ""*.dcm"" | parallel dcmdump +L all -M {}",0.15054187936,0.006542846124002,0.14659002576,0.1198713199999999,0.03693502,0.14517546476,0.15937023976,results.csv,results,158.0,60.0,51.0,9.0
281,../../pulsedcm/target/release/pulsedcm-cli tmp/3_big_serie_CT view,1.2221141644600002,0.0093543050139503,1.22463912846,1.00701778,0.21201846,1.21129569846,1.2327275244600002,results.csv,results,159.0,61.0,52.0,0.0
282,../../pulsedcm/target/release/pulsedcm-cli tmp/3_big_serie_CT view --jobs 1,1.21186965226,0.0142842038926746,1.2046235094600002,0.99134098,0.2134428599999999,1.20060337746,1.23271813446,results.csv,results,160.0,62.0,53.0,1.0
283,for f in tmp/3_big_serie_CT/* ; do dcmj2pnm +on +Wm  dcmtk_view/$(basename $f).png ;  done,26.524439775860003,0.159791195319083,26.49707862146,23.05865198,3.4239692600000007,26.30781657846,26.73407588646,results.csv,results,161.0,63.0,54.0,2.0
284,"find tmp/3_big_serie_CT -type f -name ""*.dcm"" | parallel dcmj2pnm +on +Wm {} dcmtk_view/$(basename $f).png",16.872516206660002,0.0138895881571804,16.86955469346,29.250380579999995,3.75055206,16.85885496546,16.89211630046,results.csv,results,162.0,64.0,55.0,3.0
285,../../pulsedcm/target/release/pulsedcm-cli tmp/tesat.png view,0.00141798492,0.0004916825023762,0.00119765792,0.00103274,0.0002655319999999,0.00102843392,0.00220006392,results.csv,results,163.0,65.0,56.0,0.0
286,../../pulsedcm/target/release/pulsedcm-cli tmp/tesat.png view --jobs 1,0.00128811752,0.0003357432293022,0.00112731192,0.0011073399999999,0.000199732,0.00100686592,0.00173540492,results.csv,results,164.0,66.0,57.0,1.0
287,for f in tmp/tesat.png/* ; do dcmj2pnm +on +Wm  dcmtk_view/$(basename $f).png ;  done,0.00735351692,0.0008663646106521,0.00700255992,0.00354514,0.0037151279999999,0.00634682892,0.00831262092,results.csv,results,165.0,67.0,58.0,2.0
288,"find tmp/tesat.png -type f -name ""*.dcm"" | parallel dcmj2pnm +on +Wm {} dcmtk_view/$(basename $f).png",0.11381842472,0.0037385474647212,0.11470237892,0.0977991399999999,0.01898786,0.10824003192,0.11839440492,results.csv,results,166.0,68.0,59.0,3.0
289,../../pulsedcm/target/release/pulsedcm-cli tmp/3_big_serie_CT ano --out anonymization,1.12550113832,0.012934435233541,1.11780915752,0.6319570399999999,0.49207052,1.11432053152,1.14003237852,results.csv,results,167.0,69.0,60.0,0.0
290,../../pulsedcm/target/release/pulsedcm-cli tmp/3_big_serie_CT ano --out anonymization --action remove,1.06409487992,0.010575965532613,1.06569208952,0.63016564,0.4254497199999999,1.04739771952,1.07681037452,results.csv,results,168.0,70.0,61.0,1.0
291,../../pulsedcm/target/release/pulsedcm-cli tmp/3_big_serie_CT ano --out anonymization --action zero,1.1623616313199998,0.0511863889067702,1.13996380452,0.69651464,0.46267752,1.13727523652,1.25389001852,results.csv,results,169.0,71.0,62.0,2.0
292,../../pulsedcm/target/release/pulsedcm-cli tmp/3_big_serie_CT ano --out anonymization --policy basic,1.2074196439200002,0.0184254076594449,1.19846294752,0.67001764,0.46323092,1.18660475952,1.22932421752,results.csv,results,170.0,72.0,63.0,3.0
293,../../pulsedcm/target/release/pulsedcm-cli tmp/3_big_serie_CT ano --out anonymization --policy strict,1.20797688772,0.0174739853139915,1.20680535852,0.6913254399999998,0.50779292,1.19196537952,1.23483482252,results.csv,results,171.0,73.0,64.0,4.0
294,../../pulsedcm/target/release/pulsedcm-cli tmp/3_big_serie_CT ano --out anonymization --action zero --policy basic,1.22321973912,0.0084855784941864,1.22537467152,0.66509364,0.4642415199999999,1.21344198052,1.23460871952,results.csv,results,172.0,74.0,65.0,5.0
295,../../pulsedcm/target/release/pulsedcm-cli tmp/3_big_serie_CT ano --out anonymization --action remove --policy strict,1.25003240152,0.0112289191361355,1.25535042452,0.7121764399999999,0.45493632,1.23171142452,1.25970011752,results.csv,results,173.0,75.0,66.0,6.0
296,"for f in tmp/3_big_serie_CT/*; do dcmodify -e ""(0010,0010)"" -e ""(0010,0020)"" -e ""(0010,0030)"" -e ""(0010,0040)"" -e ""(0010,1000)"" -e ""(0010,1001)"" -e ""(0010,1040)"" -e ""(0010,2160)"" -e ""(0010,4000)"" -e ""(0008,0090)"" -e ""(0008,0050)"" -e ""(0008,0080)"" -e ""(0008,0081)"" -e ""(0008,1040)"" -e ""(0008,1010)"" -e ""(0038,0010)"" -e ""(0032,1032)"" -e ""(0032,1060)"" -e ""(0032,1064)"" -e ""(0040,1001)"" -e ""(0040,1003)"" -e ""(0040,1400)"" -e ""(0008,009C)"" -e ""(0010,1060)"" -e ""(0040,0243)"" -e ""(0040,0242)"" -e ""(0040,0254)"" -e ""(0018,1000)"" -e ""(0020,4000)"" -e ""(4008,0114)"" $f ; done",24.399697420120003,0.3715551930834911,24.29975744652,21.74867124,2.59402492,24.02432570052,25.02060144652,results.csv,results,174.0,76.0,67.0,7.0
297,"find tmp/3_big_serie_CT -type f -name ""*.dcm"" | parallel dcmodify -e ""(0010,0010)"" -e ""(0010,0020)"" -e ""(0010,0030)"" -e ""(0010,0040)"" -e ""(0010,1000)"" -e ""(0010,1001)"" -e ""(0010,1040)"" -e ""(0010,2160)"" -e ""(0010,4000)"" -e ""(0008,0090)"" -e ""(0008,0050)"" -e ""(0008,0080)"" -e ""(0008,0081)"" -e ""(0008,1040)"" -e ""(0008,1010)"" -e ""(0038,0010)"" -e ""(0032,1032)"" -e ""(0032,1060)"" -e ""(0032,1064)"" -e ""(0040,1001)"" -e ""(0040,1003)"" -e ""(0040,1400)"" -e ""(0008,009C)"" -e ""(0010,1060)"" -e ""(0040,0243)"" -e ""(0040,0242)"" -e ""(0040,0254)"" -e ""(0018,1000)"" -e ""(0020,4000)"" -e ""(4008,0114)"" {}",1.62043645232,0.0020620932543041,1.6216770755199998,1.3621818400000003,1.04218312,1.61702767052,1.62186751952,results.csv,results,175.0,77.0,68.0,8.0
298,../../pulsedcm/target/release/pulsedcm-cli tmp/3_big_serie_CT tags all,0.10836170538,0.0055069908414769,0.10606448058,0.0961370399999999,0.01170076,0.10211537458,0.11452014058,results.csv,results,176.0,78.0,69.0,0.0
299,../../pulsedcm/target/release/pulsedcm-cli tmp/3_big_serie_CT tags short,0.04425680858,0.0079258114966285,0.03995554458,0.04103564,0.0028883199999999,0.03914882758,0.05796018158,results.csv,results,177.0,79.0,70.0,1.0
300,"../../pulsedcm/target/release/pulsedcm-cli tmp/3_big_serie_CT tags PatientName,PatientID,Modality",0.04638527198,0.014244762520503,0.04033050458,0.0391200399999999,0.0070578,0.03656327658,0.07135014658,results.csv,results,178.0,80.0,71.0,2.0
301,../../pulsedcm/target/release/pulsedcm-cli tmp/3_big_serie_CT tags all --json pulse_json_csv/tags_all.json,0.08644712658,0.011320624019706,0.08347906258,0.05876284,0.0279704,0.07696699658,0.10527902158,results.csv,results,179.0,81.0,72.0,3.0
302,../../pulsedcm/target/release/pulsedcm-cli tmp/3_big_serie_CT tags all --csv pulse_json_csv/tags_all.csv,0.08132439858,0.0030189035956525,0.08213652158,0.0644560399999999,0.014934,0.07656565158,0.08470824858,results.csv,results,180.0,82.0,73.0,4.0
303,for f in tmp/3_big_serie_CT/* ; do dcmdump +L all -M $f ; done,24.053269677180005,0.121839462396058,23.99080943158,21.44005544,2.554424,23.97464971758,24.26323192158,results.csv,results,181.0,83.0,74.0,5.0
304,for f in tmp/3_big_serie_CT/* ; do dcmdump +L +P PatientName +P PatientID +P Modality $f; done,24.49292507358,0.0573183095909726,24.49191997958,21.84595364,2.5611324,24.42803504358,24.58237140258,results.csv,results,182.0,84.0,75.0,6.0
305,for f in tmp/3_big_serie_CT/* ; do dcmdump +L +P PatientName +P PatientID +P StudyDate $f; done,24.35832083038001,0.1420928737860032,24.33733402458,21.69548704,2.6147447999999995,24.18408537458,24.51005185658,results.csv,results,183.0,85.0,76.0,7.0
306,for f in tmp/3_big_serie_CT/* ; do dcm2json $f dcmtk_json_csv/$(basename $f).json ; done,29.78545480058,0.7181988148211955,29.60234158058,26.34634864,3.4030432000000004,29.19694325858,31.01196322758,results.csv,results,184.0,86.0,77.0,8.0
307,"find tmp/3_big_serie_CT -type f -name ""*.dcm"" | parallel dcmdump +L all -M {}",7.642426090780001,0.0203890962940858,7.63997044358,12.40398364,2.4442168000000004,7.61722327758,7.67011326958,results.csv,results,185.0,87.0,78.0,9.0
308,../../pulsedcm/target/release/pulsedcm-cli tmp/2_small_serie_MR view,0.39507982116,0.0018999303822479,0.39433339716,0.2746738999999999,0.1193907199999999,0.39340788416,0.39821431416,results.csv,results,186.0,88.0,79.0,0.0
309,../../pulsedcm/target/release/pulsedcm-cli tmp/2_small_serie_MR view --jobs 1,0.39529539996,0.0021949432516347,0.3947395831600001,0.2701524999999999,0.1238775199999999,0.39241771116,0.39815044116,results.csv,results,187.0,89.0,80.0,1.0
310,for f in tmp/2_small_serie_MR/* ; do dcmj2pnm +on +Wm  dcmtk_view/$(basename $f).png ;  done,4.11463161356,0.0547647141448331,4.11794209116,3.587162899999999,0.51605972,4.05788173916,4.19614769816,results.csv,results,188.0,90.0,81.0,2.0
311,"find tmp/2_small_serie_MR -type f -name ""*.dcm"" | parallel dcmj2pnm +on +Wm {} dcmtk_view/$(basename $f).png",2.07425206076,0.0035374735853121,2.07384045516,3.4076997,0.5429487199999998,2.07019753916,2.07858244816,results.csv,results,189.0,91.0,82.0,3.0
312,../../pulsedcm/target/release/pulsedcm-cli tmp/1_one_big_image_MG ano --out anonymization,0.22657973676,0.0118500944105333,0.21916429196,0.01676366,0.12828646,0.21672856396,0.24131763296,results.csv,results,190.0,92.0,83.0,0.0
313,../../pulsedcm/target/release/pulsedcm-cli tmp/1_one_big_image_MG ano --out anonymization --action remove,0.22116910056,0.0034946547353817,0.21984168796,0.02001406,0.1189454599999999,0.21821369896,0.22669014196,results.csv,results,191.0,93.0,84.0,1.0
314,../../pulsedcm/target/release/pulsedcm-cli tmp/1_one_big_image_MG ano --out anonymization --action zero,0.22274543576,0.0041175125200087,0.22195052696,0.0280760599999999,0.11342186,0.21893781996,0.22946802796,results.csv,results,192.0,94.0,85.0,2.0
315,../../pulsedcm/target/release/pulsedcm-cli tmp/1_one_big_image_MG ano --out anonymization --policy basic,0.21786694916,0.0018482512174668,0.21855022596,0.01654306,0.12064986,0.21588120696,0.21973294496,results.csv,results,193.0,95.0,86.0,3.0
316,../../pulsedcm/target/release/pulsedcm-cli tmp/1_one_big_image_MG ano --out anonymization --policy strict,0.2170053747599999,0.0021260928132912,0.21679773396,0.01557426,0.12049286,0.21494579896,0.22047815096,results.csv,results,194.0,96.0,87.0,4.0
317,../../pulsedcm/target/release/pulsedcm-cli tmp/1_one_big_image_MG ano --out anonymization --action zero --policy basic,0.22292653336,0.0101719279552331,0.21999582896,0.02043966,0.1217450599999999,0.21492780396,0.24006973396,results.csv,results,195.0,97.0,88.0,5.0
318,../../pulsedcm/target/release/pulsedcm-cli tmp/1_one_big_image_MG ano --out anonymization --action remove --policy strict,0.22413640876,0.0057721535020164,0.22573536596,0.01139266,0.1307582599999999,0.21725379996,0.23090517396,results.csv,results,196.0,98.0,89.0,6.0
319,"for f in tmp/1_one_big_image_MG/*; do dcmodify -e ""(0010,0010)"" -e ""(0010,0020)"" -e ""(0010,0030)"" -e ""(0010,0040)"" -e ""(0010,1000)"" -e ""(0010,1001)"" -e ""(0010,1040)"" -e ""(0010,2160)"" -e ""(0010,4000)"" -e ""(0008,0090)"" -e ""(0008,0050)"" -e ""(0008,0080)"" -e ""(0008,0081)"" -e ""(0008,1040)"" -e ""(0008,1010)"" -e ""(0038,0010)"" -e ""(0032,1032)"" -e ""(0032,1060)"" -e ""(0032,1064)"" -e ""(0040,1001)"" -e ""(0040,1003)"" -e ""(0040,1400)"" -e ""(0008,009C)"" -e ""(0010,1060)"" -e ""(0040,0243)"" -e ""(0040,0242)"" -e ""(0040,0254)"" -e ""(0018,1000)"" -e ""(0020,4000)"" -e ""(4008,0114)"" $f ; done",0.05499280576,0.0006107275280623,0.05502795896,0.02120806,0.0330028599999999,0.05413426596,0.05580542196,results.csv,results,197.0,99.0,90.0,7.0
320,"find tmp/1_one_big_image_MG -type f -name ""*.dcm"" | parallel dcmodify -e ""(0010,0010)"" -e ""(0010,0020)"" -e ""(0010,0030)"" -e ""(0010,0040)"" -e ""(0010,1000)"" -e ""(0010,1001)"" -e ""(0010,1040)"" -e ""(0010,2160)"" -e ""(0010,4000)"" -e ""(0008,0090)"" -e ""(0008,0050)"" -e ""(0008,0080)"" -e ""(0008,0081)"" -e ""(0008,1040)"" -e ""(0008,1010)"" -e ""(0038,0010)"" -e ""(0032,1032)"" -e ""(0032,1060)"" -e ""(0032,1064)"" -e ""(0040,1001)"" -e ""(0040,1003)"" -e ""(0040,1400)"" -e ""(0008,009C)"" -e ""(0010,1060)"" -e ""(0040,0243)"" -e ""(0040,0242)"" -e ""(0040,0254)"" -e ""(0018,1000)"" -e ""(0020,4000)"" -e ""(4008,0114)"" {}",0.13174655776,0.0016049226428518,0.13180358196,0.11412686,0.02172106,0.12911082096,0.13316053796,results.csv,results,198.0,100.0,91.0,8.0
321,../../pulsedcm/target/release/pulsedcm-cli tmp/1_one_big_image_MG view,0.04547017826,0.0014083229611021,0.04593030226,0.0075173199999999,0.0342571,0.04334465126,0.04708001026,results.csv,results,199.0,101.0,0.0,
322,../../pulsedcm/target/release/pulsedcm-cli tmp/1_one_big_image_MG view --jobs 1,0.04449922286,0.0015885222033431,0.04474988726,0.00812252,0.0343527,0.04197095126,0.04624651626,results.csv,results,200.0,102.0,1.0,
323,for f in tmp/1_one_big_image_MG/* ; do dcmj2pnm +on +Wm  dcmtk_view/$(basename $f).png ;  done,0.03059001066,0.00099835912213,0.03062253826,0.02344632,0.0049561,0.02940517426,0.03194773426,results.csv,results,201.0,103.0,2.0,
324,"find tmp/1_one_big_image_MG -type f -name ""*.dcm"" | parallel dcmj2pnm +on +Wm {} dcmtk_view/$(basename $f).png",0.14914583066,0.0022203745634757,0.14985615026,0.12754732,0.0242865,0.14591680226,0.15146532226,results.csv,results,202.0,104.0,3.0,
325,../../pulsedcm/target/release/pulsedcm-cli tmp/tesat.png ano --out anonymization,0.00094120142,0.0001615532056057,0.00084447642,0.0011262599999999,0.0,0.00081049342,0.00117842542,results.csv,results,203.0,105.0,0.0,
326,../../pulsedcm/target/release/pulsedcm-cli tmp/tesat.png ano --out anonymization --action remove,0.00084516542,3.0228797983e-05,0.00084909542,0.0009378599999999,7.9644e-05,0.00081212742,0.00087876842,results.csv,results,204.0,106.0,1.0,
327,../../pulsedcm/target/release/pulsedcm-cli tmp/tesat.png ano --out anonymization --action zero,0.00103653362,0.0002915893043575,0.00091560642,0.0004286359999999,0.000600532,0.00079480042,0.00153655542,results.csv,results,205.0,107.0,2.0,
328,../../pulsedcm/target/release/pulsedcm-cli tmp/tesat.png ano --out anonymization --policy basic,0.00103512262,0.0002174797964873,0.00100860442,0.000814448,0.000269288,0.00085410642,0.00138530442,results.csv,results,206.0,108.0,3.0,
329,../../pulsedcm/target/release/pulsedcm-cli tmp/tesat.png ano --out anonymization --policy strict,0.00095449562,0.0002691011732205,0.00084475642,0.0007260599999999,0.000373888,0.00080095342,0.00143240442,results.csv,results,207.0,109.0,4.0,
330,../../pulsedcm/target/release/pulsedcm-cli tmp/tesat.png ano --out anonymization --action zero --policy basic,0.00087229482,7.29930681112e-05,0.00084686142,0.000727648,0.0002690879999999,0.00079689442,0.00097767842,results.csv,results,208.0,110.0,5.0,
331,../../pulsedcm/target/release/pulsedcm-cli tmp/tesat.png ano --out anonymization --action remove --policy strict,0.00091604382,0.0001294857224998,0.00086081042,0.000893448,0.000192244,0.00082455342,0.00114296942,results.csv,results,209.0,111.0,6.0,
332,"for f in tmp/tesat.png/*; do dcmodify -e ""(0010,0010)"" -e ""(0010,0020)"" -e ""(0010,0030)"" -e ""(0010,0040)"" -e ""(0010,1000)"" -e ""(0010,1001)"" -e ""(0010,1040)"" -e ""(0010,2160)"" -e ""(0010,4000)"" -e ""(0008,0090)"" -e ""(0008,0050)"" -e ""(0008,0080)"" -e ""(0008,0081)"" -e ""(0008,1040)"" -e ""(0008,1010)"" -e ""(0038,0010)"" -e ""(0032,1032)"" -e ""(0032,1060)"" -e ""(0032,1064)"" -e ""(0040,1001)"" -e ""(0040,1003)"" -e ""(0040,1400)"" -e ""(0008,009C)"" -e ""(0010,1060)"" -e ""(0040,0243)"" -e ""(0040,0242)"" -e ""(0040,0254)"" -e ""(0018,1000)"" -e ""(0020,4000)"" -e ""(4008,0114)"" $f ; done",0.02540126302,0.0008051333451263,0.02570815642,0.02149526,0.003655732,0.02396900342,0.02590596742,results.csv,results,210.0,112.0,7.0,
333,"find tmp/tesat.png -type f -name ""*.dcm"" | parallel dcmodify -e ""(0010,0010)"" -e ""(0010,0020)"" -e ""(0010,0030)"" -e ""(0010,0040)"" -e ""(0010,1000)"" -e ""(0010,1001)"" -e ""(0010,1040)"" -e ""(0010,2160)"" -e ""(0010,4000)"" -e ""(0008,0090)"" -e ""(0008,0050)"" -e ""(0008,0080)"" -e ""(0008,0081)"" -e ""(0008,1040)"" -e ""(0008,1010)"" -e ""(0038,0010)"" -e ""(0032,1032)"" -e ""(0032,1060)"" -e ""(0032,1064)"" -e ""(0040,1001)"" -e ""(0040,1003)"" -e ""(0040,1400)"" -e ""(0008,009C)"" -e ""(0010,1060)"" -e ""(0040,0243)"" -e ""(0040,0242)"" -e ""(0040,0254)"" -e ""(0018,1000)"" -e ""(0020,4000)"" -e ""(4008,0114)"" {}",0.13024508342,0.0036014455622401,0.1322102954199999,0.11187266,0.0209690199999999,0.12409310342,0.13252619842,results.csv,results,211.0,113.0,8.0,
334,../../pulsedcm/target/release/pulsedcm-cli tmp/tesat.png tags all,0.00128356768,0.0002731687364514,0.00123520968,0.00112948,0.0001318759999999,0.00104830268,0.00174155268,results.csv,results,212.0,114.0,0.0,
335,../../pulsedcm/target/release/pulsedcm-cli tmp/tesat.png tags short,0.00121542528,0.0002706867166897,0.00112488568,0.00112148,0.000109476,0.00102804068,0.00169402168,results.csv,results,213.0,115.0,1.0,
336,"../../pulsedcm/target/release/pulsedcm-cli tmp/tesat.png tags PatientName,PatientID,Modality",0.00109357288,3.58350649741e-05,0.00109395968,0.00082668,0.000314352,0.00104777168,0.00113085768,results.csv,results,214.0,116.0,2.0,
337,../../pulsedcm/target/release/pulsedcm-cli tmp/tesat.png tags all --json pulse_json_csv/tags_all.json,0.00117828248,0.0001013563997347,0.00112300068,0.0009720799999999,0.000226076,0.00108707568,0.00131144068,results.csv,results,215.0,117.0,3.0,
338,../../pulsedcm/target/release/pulsedcm-cli tmp/tesat.png tags all --csv pulse_json_csv/tags_all.csv,0.00137357068,0.0004516921224783,0.00116172368,0.00068328,0.0005942279999999,0.00112028568,0.00217605368,results.csv,results,216.0,118.0,4.0,
339,for f in tmp/tesat.png/* ; do dcmdump +L all -M $f ; done,0.02457282548,0.0011975162570713,0.02387902068,0.02260268,0.0016804279999999,0.02357482568,0.02627282568,results.csv,results,217.0,119.0,5.0,
340,for f in tmp/tesat.png/* ; do dcmdump +L +P PatientName +P PatientID +P Modality $f; done,0.02595211728,0.0012233532464927,0.02637613368,0.02169608,0.003927704,0.02386270568,0.02698881368,results.csv,results,218.0,120.0,6.0,
341,for f in tmp/tesat.png/* ; do dcmdump +L +P PatientName +P PatientID +P StudyDate $f; done,0.0257225324799999,0.0010434019319009,0.02606353168,0.02380288,0.0016572279999999,0.02388471268,0.02639712768,results.csv,results,219.0,121.0,7.0,
342,for f in tmp/tesat.png/* ; do dcm2json $f > dcmtk_js_csv/$(basename $f).json ; done,0.00078162568,0.0001907498598964,0.00067702568,0.0007620799999999,0.0,0.00063741168,0.00107781568,results.csv,results,220.0,122.0,8.0,
343,"find tmp/tesat.png -type f -name ""*.dcm"" | parallel dcmdump +L all -M {}",0.11512696248,0.003888142105433,0.11611350668,0.09188688,0.02663078,0.10999908268,0.11930397668,results.csv,results,221.0,123.0,9.0,
344,../../pulsedcm/target/release/pulsedcm-cli tmp/2_small_serie_MR tags all,0.02224603296,0.0005749370072447,0.02208374996,0.01949708,0.002536536,0.02176800296,0.02322172196,results.csv,results,222.0,124.0,0.0,
345,../../pulsedcm/target/release/pulsedcm-cli tmp/2_small_serie_MR tags short,0.00937532876,0.0007783629895075,0.00942041596,0.00625528,0.0029645599999999,0.00864110196,0.01061006596,results.csv,results,223.0,125.0,1.0,
346,"../../pulsedcm/target/release/pulsedcm-cli tmp/2_small_serie_MR tags PatientName,PatientID,Modality",0.01017559896,0.0006495758467985,0.00997431196,0.00735768,0.00268216,0.00963116396,0.01121330496,results.csv,results,224.0,126.0,2.0,
347,../../pulsedcm/target/release/pulsedcm-cli tmp/2_small_serie_MR tags all --json pulse_json_csv/tags_all.json,0.01725182656,0.0003583928193244,0.01709328196,0.01326508,0.0037376479999999,0.01682999596,0.01763204096,results.csv,results,225.0,127.0,3.0,
348,../../pulsedcm/target/release/pulsedcm-cli tmp/2_small_serie_MR tags all --csv pulse_json_csv/tags_all.csv,0.01711508116,0.0009307644108761,0.01717339396,0.0113694799999999,0.005586248,0.01571107896,0.01832968996,results.csv,results,226.0,128.0,4.0,
349,for f in tmp/2_small_serie_MR/* ; do dcmdump +L all -M $f ; done,3.79124966876,0.0402328043567859,3.78246844196,3.37088968,0.40248636,3.75360969696,3.85454181296,results.csv,results,227.0,129.0,5.0,
350,for f in tmp/2_small_serie_MR/* ; do dcmdump +L +P PatientName +P PatientID +P Modality $f; done,3.87040369336,0.0358362218447304,3.86723348596,3.4113030800000006,0.4438175599999999,3.83756914896,3.92966081696,results.csv,results,228.0,130.0,6.0,
351,for f in tmp/2_small_serie_MR/* ; do dcmdump +L +P PatientName +P PatientID +P StudyDate $f; done,3.88973941876,0.0362642091738004,3.89868940196,3.46393868,0.40504656,3.83741968396,3.92444928196,results.csv,results,229.0,131.0,7.0,
352,for f in tmp/2_small_serie_MR/* ; do dcm2json $f dcmtk_json_csv/$(basename $f).json ; done,3.96489045316,0.1243375277968085,3.91418555196,3.4941432800000003,0.4582589599999999,3.83712406996,4.13503905196,results.csv,results,230.0,132.0,8.0,
353,"find tmp/2_small_serie_MR -type f -name ""*.dcm"" | parallel dcmdump +L all -M {}",1.31793784396,0.0058463833984736,1.31766609096,1.99094208,0.44827516,1.31148421196,1.32480757796,results.csv,results,231.0,133.0,9.0,
354,../../pulsedcm/target/release/pulsedcm-cli tmp/1_one_big_image_MG tags all,0.00547195336,0.0012332714517168,0.00550344456,0.001480312,0.003114112,0.00434009156,0.00744098656,results.csv,results,232.0,134.0,0.0,
355,../../pulsedcm/target/release/pulsedcm-cli tmp/1_one_big_image_MG tags short,0.00497731656,0.0007908654871155,0.00518277956,0.002457016,0.0022294839999999,0.00404085856,0.00587289056,results.csv,results,233.0,135.0,1.0,
356,"../../pulsedcm/target/release/pulsedcm-cli tmp/1_one_big_image_MG tags PatientName,PatientID,Modality",0.00476492636,0.0007687033935541,0.00445504756,0.00419792,0.0,0.00395716056,0.00566642156,results.csv,results,234.0,136.0,2.0,
357,../../pulsedcm/target/release/pulsedcm-cli tmp/1_one_big_image_MG tags all --json pulse_json_csv/tags_all.json,0.00478869896,0.0012234828003113,0.00438219156,0.00056132,0.00361534,0.00372743656,0.00657618556,results.csv,results,235.0,137.0,3.0,
358,../../pulsedcm/target/release/pulsedcm-cli tmp/1_one_big_image_MG tags all --csv pulse_json_csv/tags_all.csv,0.00583406716,0.0010907641417642,0.00573816656,0.0029166159999999,0.002274284,0.00427339556,0.00712113256,results.csv,results,236.0,138.0,4.0,
359,for f in tmp/1_one_big_image_MG/* ; do dcmdump +L all -M $f ; done,0.03426021056,0.0024565578373902,0.03368859456,0.02878192,0.003616712,0.03212539056,0.03833947956,results.csv,results,237.0,139.0,5.0,
360,for f in tmp/1_one_big_image_MG/* ; do dcmdump +L +P PatientName +P PatientID +P Modality $f; done,0.06517646716,0.0027805944407971,0.06457609456,0.02564652,0.03488914,0.06276663756,0.06993512456,results.csv,results,238.0,140.0,6.0,
361,for f in tmp/1_one_big_image_MG/* ; do dcmdump +L +P PatientName +P PatientID +P StudyDate $f; done,0.06476097716,0.0011598007919728,0.06516781656,0.02379372,0.03736794,0.06296054856,0.06583860156,results.csv,results,239.0,141.0,7.0,
362,for f in tmp/1_one_big_image_MG/* ; do dcm2json $f dcmtk_json_csv/$(basename $f).json ; done,0.02983789856,0.0016223042172139,0.02960333256,0.0256777199999999,0.002519084,0.02808861856,0.03237005456,results.csv,results,240.0,142.0,8.0,
363,"find tmp/1_one_big_image_MG -type f -name ""*.dcm"" | parallel dcmdump +L all -M {}",0.15285120296,0.006518728871594,0.15276566356,0.12893092,0.02818754,0.14519151456,0.16052566456,results.csv,results,241.0,143.0,9.0,
364,../../pulsedcm/target/release/pulsedcm-cli tmp/3_big_serie_CT view,1.2642771290200003,0.0538682079943858,1.24334202482,1.02051818,0.2256626599999999,1.23614549182,1.36038115082,results.csv,results,242.0,144.0,0.0,
365,../../pulsedcm/target/release/pulsedcm-cli tmp/3_big_serie_CT view --jobs 1,1.24967869802,0.0126896144403205,1.25492435682,1.01136238,0.23321286,1.2358746658200002,1.2645698278200002,results.csv,results,243.0,145.0,1.0,
366,for f in tmp/3_big_serie_CT/* ; do dcmj2pnm +on +Wm  dcmtk_view/$(basename $f).png ;  done,27.11873421902,0.1677732704706553,27.07859882482,23.50039838,3.5190848600000004,26.97076605382,27.36835826882,results.csv,results,244.0,146.0,2.0,
367,"find tmp/3_big_serie_CT -type f -name ""*.dcm"" | parallel dcmj2pnm +on +Wm {} dcmtk_view/$(basename $f).png",17.25853474922,0.0509082736820594,17.23672901582,29.72576278,3.58172526,17.210944248820002,17.32170572882,results.csv,results,245.0,147.0,3.0,
368,../../pulsedcm/target/release/pulsedcm-cli tmp/tesat.png view,0.00123389332,0.0002068607533736,0.00115016572,0.0008193599999999,0.0004219439999999,0.00105918272,0.00156505572,results.csv,results,246.0,148.0,0.0,
369,../../pulsedcm/target/release/pulsedcm-cli tmp/tesat.png view --jobs 1,0.00106262592,4.95002288701e-05,0.00103727572,0.00113736,0.0,0.00101138172,0.00113130572,results.csv,results,247.0,149.0,1.0,
370,for f in tmp/tesat.png/* ; do dcmj2pnm +on +Wm  dcmtk_view/$(basename $f).png ;  done,0.00698047832,0.0004044618677456,0.00683968772,0.00544176,0.0014766879999999,0.00660752472,0.00762956372,results.csv,results,248.0,150.0,2.0,
371,"find tmp/tesat.png -type f -name ""*.dcm"" | parallel dcmj2pnm +on +Wm {} dcmtk_view/$(basename $f).png",0.11620527152,0.003484750430334,0.11819757172,0.0997913599999999,0.01964336,0.11218629672,0.11924384472,results.csv,results,249.0,151.0,3.0,
372,../../pulsedcm/target/release/pulsedcm-cli tmp/3_big_serie_CT ano --out anonymization,1.53134172288,0.0805658229196754,1.55067745128,0.66222918,0.5426683199999999,1.40032863328,1.6139427382800002,results.csv,results,250.0,152.0,0.0,
373,../../pulsedcm/target/release/pulsedcm-cli tmp/3_big_serie_CT ano --out anonymization --action remove,1.47225235068,0.2249327046235515,1.43368653628,0.6903521799999999,0.51701252,1.22743674228,1.71662994528,results.csv,results,251.0,153.0,1.0,
374,../../pulsedcm/target/release/pulsedcm-cli tmp/3_big_serie_CT ano --out anonymization --action zero,1.3352224634800005,0.0751604209223057,1.30058212828,0.65438918,0.5506695199999999,1.2583729542800002,1.42010989428,results.csv,results,252.0,154.0,2.0,
375,../../pulsedcm/target/release/pulsedcm-cli tmp/3_big_serie_CT ano --out anonymization --policy basic,1.29651043928,0.0272322869628866,1.2799722372800002,0.67309058,0.51319572,1.27618540728,1.3385786272800002,results.csv,results,253.0,155.0,3.0,
376,../../pulsedcm/target/release/pulsedcm-cli tmp/3_big_serie_CT ano --out anonymization --policy strict,1.3749416770800005,0.0822916663798835,1.32545357128,0.72501718,0.5194283199999999,1.30297221328,1.46645219228,results.csv,results,254.0,156.0,4.0,
377,../../pulsedcm/target/release/pulsedcm-cli tmp/3_big_serie_CT ano --out anonymization --action zero --policy basic,1.29732763128,0.0582995107980658,1.25994204228,0.67674518,0.5061267199999999,1.2490337042800002,1.37697355328,results.csv,results,255.0,157.0,5.0,
378,../../pulsedcm/target/release/pulsedcm-cli tmp/3_big_serie_CT ano --out anonymization --action remove --policy strict,1.39519990708,0.0560551023791758,1.39531598828,0.72673098,0.4571851199999999,1.3305620582800002,1.45285109028,results.csv,results,256.0,158.0,6.0,
379,"for f in tmp/3_big_serie_CT/*; do dcmodify -e ""(0010,0010)"" -e ""(0010,0020)"" -e ""(0010,0030)"" -e ""(0010,0040)"" -e ""(0010,1000)"" -e ""(0010,1001)"" -e ""(0010,1040)"" -e ""(0010,2160)"" -e ""(0010,4000)"" -e ""(0008,0090)"" -e ""(0008,0050)"" -e ""(0008,0080)"" -e ""(0008,0081)"" -e ""(0008,1040)"" -e ""(0008,1010)"" -e ""(0038,0010)"" -e ""(0032,1032)"" -e ""(0032,1060)"" -e ""(0032,1064)"" -e ""(0040,1001)"" -e ""(0040,1003)"" -e ""(0040,1400)"" -e ""(0008,009C)"" -e ""(0010,1060)"" -e ""(0040,0243)"" -e ""(0040,0242)"" -e ""(0040,0254)"" -e ""(0018,1000)"" -e ""(0020,4000)"" -e ""(4008,0114)"" $f ; done",24.68142276628,0.0805228094740374,24.69980214428,21.78587898,2.77658912,24.57049829728,24.76150453728,results.csv,results,257.0,159.0,7.0,
380,"find tmp/3_big_serie_CT -type f -name ""*.dcm"" | parallel dcmodify -e ""\(0010,0010\)"" -e ""\(0010,0020\)"" -e ""\(0010,0030\)"" -e ""\(0010,0040\)"" -e ""\(0010,1000\)"" -e ""\(0010,1001\)"" -e ""\(0010,1040\)"" -e ""\(0010,2160\)"" -e ""\(0010,4000\)"" -e ""\(0008,0090\)"" -e ""\(0008,0050\)"" -e ""\(0008,0080\)"" -e ""\(0008,0081\)"" -e ""\(0008,1040\)"" -e ""\(0008,1010\)"" -e ""\(0038,0010\)"" -e ""\(0032,1032\)"" -e ""\(0032,1060\)"" -e ""\(0032,1064\)"" -e ""\(0040,1001\)"" -e ""\(0040,1003\)"" -e ""\(0040,1400\)"" -e ""\(0008,009C\)"" -e ""\(0010,1060\)"" -e ""\(0040,0243\)"" -e ""\(0040,0242\)"" -e ""\(0040,0254\)"" -e ""\(0018,1000\)"" -e ""\(0020,4000\)"" -e ""\(4008,0114\)"" {}",8.46175868928,0.2727591805770325,8.26639512028,12.843348980000002,3.066077719999999,8.26460308028,8.81985159528,results.csv,results,258.0,160.0,8.0,
381,../../pulsedcm/target/release/pulsedcm-cli tmp/3_big_serie_CT tags all,0.12043282694,0.0091995132125648,0.11714036954,0.1013256999999999,0.0180372,0.11153096354,0.13571575354,results.csv,results,259.0,161.0,0.0,
382,../../pulsedcm/target/release/pulsedcm-cli tmp/3_big_serie_CT tags short,0.04092861794,0.0043877175172552,0.03920483254,0.0332651,0.0067367999999999,0.03590355454,0.04644374154,results.csv,results,260.0,162.0,1.0,
383,"../../pulsedcm/target/release/pulsedcm-cli tmp/3_big_serie_CT tags PatientName,PatientID,Modality",0.0486792161399999,0.014226780451564,0.04387239554,0.0408787,0.0072515999999999,0.03934764354,0.07381620054,results.csv,results,261.0,163.0,2.0,
384,../../pulsedcm/target/release/pulsedcm-cli tmp/3_big_serie_CT tags all --json pulse_json_csv/tags_all.json,0.07505291494,0.003988205541504,0.07508144554,0.0594059,0.0140863999999999,0.06923277154,0.07937839854,results.csv,results,262.0,164.0,3.0,
385,../../pulsedcm/target/release/pulsedcm-cli tmp/3_big_serie_CT tags all --csv pulse_json_csv/tags_all.csv,0.07652068394,0.0049189991021292,0.07767423654,0.0600418999999999,0.0152502,0.06933364054,0.08220935254,results.csv,results,263.0,165.0,4.0,
386,for f in tmp/3_big_serie_CT/* ; do dcmdump +L all -M $f ; done,24.33265105914,0.0487203259471747,24.32145080354,21.642411899999995,2.581604,24.27839210054,24.38879399754,results.csv,results,264.0,166.0,5.0,
387,for f in tmp/3_big_serie_CT/* ; do dcmdump +L +P PatientName +P PatientID +P Modality $f; done,24.82057102074,0.084720257656626,24.84638972354,21.9468967,2.7698954,24.71061018854,24.92699257454,results.csv,results,265.0,167.0,6.0,
388,for f in tmp/3_big_serie_CT/* ; do dcmdump +L +P PatientName +P PatientID +P StudyDate $f; done,24.86597786974,0.1427222794953923,24.94619063354,21.9976535,2.7632348,24.65541082254,24.97482686754,results.csv,results,266.0,168.0,7.0,
389,for f in tmp/3_big_serie_CT/* ; do dcm2json $f dcmtk_json_csv/$(basename $f).json ; done,25.61111681454,0.3631471096316058,25.45658095754,22.7641067,2.764402,25.34553435854,26.20992357154,results.csv,results,267.0,169.0,8.0,
390,"find tmp/3_big_serie_CT -type f -name ""*.dcm"" | parallel dcmdump +L all -M {}",7.81448904894,0.024845551633518,7.81175210154,12.475025699999998,2.5394222,7.78136117154,7.85104537454,results.csv,results,268.0,170.0,9.0,
391,../../pulsedcm/target/release/pulsedcm-cli tmp/2_small_serie_MR view,0.40219107296,0.0034192290635423,0.40269835256,0.27955038,0.12009672,0.39727686056,0.40670457256,results.csv,results,269.0,171.0,0.0,
392,../../pulsedcm/target/release/pulsedcm-cli tmp/2_small_serie_MR view --jobs 1,0.40100157156,0.0024972890129499,0.40152145056,0.27631278,0.1231203199999999,0.39851728556,0.40459408056,results.csv,results,270.0,172.0,1.0,
393,for f in tmp/2_small_serie_MR/* ; do dcmj2pnm +on +Wm  dcmtk_view/$(basename $f).png ;  done,4.26387267156,0.1030347018385204,4.22126531256,3.68033678,0.5643969199999999,4.18362268656,4.43575627456,results.csv,results,271.0,173.0,2.0,
394,"find tmp/2_small_serie_MR -type f -name ""*.dcm"" | parallel dcmj2pnm +on +Wm {} dcmtk_view/$(basename $f).png",2.18360528216,0.0074361322709148,2.18717225456,3.41879138,0.59847652,2.17391459656,2.19034399356,results.csv,results,272.0,174.0,3.0,
395,../../pulsedcm/target/release/pulsedcm-cli tmp/1_one_big_image_MG ano --out anonymization,0.35938602234,0.0448468395215033,0.37567580554,0.0199694799999999,0.12661188,0.29523299754,0.40783872554,results.csv,results,273.0,175.0,0.0,
396,../../pulsedcm/target/release/pulsedcm-cli tmp/1_one_big_image_MG ano --out anonymization --action remove,0.36979689614,0.0244053143746888,0.35540390254,0.0152882799999999,0.1339514799999999,0.34874264654,0.40337422854,results.csv,results,274.0,176.0,1.0,
397,../../pulsedcm/target/release/pulsedcm-cli tmp/1_one_big_image_MG ano --out anonymization --action zero,0.39548749094,0.0374007155340762,0.39811854854,0.01336708,0.13446428,0.35751920054,0.44748565154,results.csv,results,275.0,177.0,2.0,
398,../../pulsedcm/target/release/pulsedcm-cli tmp/1_one_big_image_MG ano --out anonymization --policy basic,0.3595934345400001,0.0296658875253487,0.36220083154,0.01961008,0.12697428,0.31970832254,0.39364802054,results.csv,results,276.0,178.0,3.0,
399,../../pulsedcm/target/release/pulsedcm-cli tmp/1_one_big_image_MG ano --out anonymization --policy strict,0.3656908399399999,0.0291287895498317,0.37519424954,0.02139048,0.12793868,0.31499905854,0.38988850354,results.csv,results,277.0,179.0,4.0,
400,../../pulsedcm/target/release/pulsedcm-cli tmp/1_one_big_image_MG ano --out anonymization --action zero --policy basic,0.38705622094,0.0177916162025027,0.38568353154,0.02079828,0.12741688,0.36549221454,0.40794738254,results.csv,results,278.0,180.0,5.0,
401,../../pulsedcm/target/release/pulsedcm-cli tmp/1_one_big_image_MG ano --out anonymization --action remove --policy strict,0.36852323234,0.033045457644749,0.35573161554,0.01198868,0.13730808,0.32961380954,0.41474254254,results.csv,results,279.0,181.0,6.0,
402,"for f in tmp/1_one_big_image_MG/*; do dcmodify -e ""(0010,0010)"" -e ""(0010,0020)"" -e ""(0010,0030)"" -e ""(0010,0040)"" -e ""(0010,1000)"" -e ""(0010,1001)"" -e ""(0010,1040)"" -e ""(0010,2160)"" -e ""(0010,4000)"" -e ""(0008,0090)"" -e ""(0008,0050)"" -e ""(0008,0080)"" -e ""(0008,0081)"" -e ""(0008,1040)"" -e ""(0008,1010)"" -e ""(0038,0010)"" -e ""(0032,1032)"" -e ""(0032,1060)"" -e ""(0032,1064)"" -e ""(0040,1001)"" -e ""(0040,1003)"" -e ""(0040,1400)"" -e ""(0008,009C)"" -e ""(0010,1060)"" -e ""(0040,0243)"" -e ""(0040,0242)"" -e ""(0040,0254)"" -e ""(0018,1000)"" -e ""(0020,4000)"" -e ""(4008,0114)"" $f ; done",0.06663594214,0.0013954172279409,0.06630316754,0.02453548,0.0385054799999999,0.06528148254,0.06867675854,results.csv,results,280.0,182.0,7.0,
403,"find tmp/1_one_big_image_MG -type f -name ""*.dcm"" | parallel dcmodify -e ""\(0010,0010\)"" -e ""\(0010,0020\)"" -e ""\(0010,0030\)"" -e ""\(0010,0040\)"" -e ""\(0010,1000\)"" -e ""\(0010,1001\)"" -e ""\(0010,1040\)"" -e ""\(0010,2160\)"" -e ""\(0010,4000\)"" -e ""\(0008,0090\)"" -e ""\(0008,0050\)"" -e ""\(0008,0080\)"" -e ""\(0008,0081\)"" -e ""\(0008,1040\)"" -e ""\(0008,1010\)"" -e ""\(0038,0010\)"" -e ""\(0032,1032\)"" -e ""\(0032,1060\)"" -e ""\(0032,1064\)"" -e ""\(0040,1001\)"" -e ""\(0040,1003\)"" -e ""\(0040,1400\)"" -e ""\(0008,009C\)"" -e ""\(0010,1060\)"" -e ""\(0040,0243\)"" -e ""\(0040,0242\)"" -e ""\(0040,0254\)"" -e ""\(0018,1000\)"" -e ""\(0020,4000\)"" -e ""\(4008,0114\)"" {}",0.20500097594,0.0032902544255271,0.20573468954,0.13826548,0.07058848,0.20117069754,0.20901822654,results.csv,results,281.0,183.0,8.0,
